Datum;Cas od;Cas do;IN-859182400110224391-D;OUT-859182400110224391-D
01.07.2026;00:00;00:15;0,0;0,0;
01.07.2026;00:15;00:30;0,0;0,0;
01.07.2026;00:30;00:45;0,0;0,0;
01.07.2026;00:45;01:00;0,0;0,0;
01.07.2026;01:00;01:15;0,0;0,0;
01.07.2026;01:15;01:30;0,0;0,0;
01.07.2026;01:30;01:45;0,0;0,0;
01.07.2026;01:45;02:00;0,0;0,0;
01.07.2026;02:00;02:15;0,0;0,0;
01.07.2026;02:15;02:30;0,0;0,0;
01.07.2026;02:30;02:45;0,0;0,0;
01.07.2026;02:45;03:00;0,0;0,0;
01.07.2026;03:00;03:15;0,0;0,0;
01.07.2026;03:15;03:30;0,0;0,0;
01.07.2026;03:30;03:45;0,0;0,0;
01.07.2026;03:45;04:00;0,0;0,0;
01.07.2026;04:00;04:15;0,0;0,0;
01.07.2026;04:15;04:30;0,0;0,0;
01.07.2026;04:30;04:45;0,0;0,0;
01.07.2026;04:45;05:00;0,0;0,0;
01.07.2026;05:00;05:15;0,1;0,1;
01.07.2026;05:15;05:30;0,23;0,23;
01.07.2026;05:30;05:45;0,22;0,22;
01.07.2026;05:45;06:00;0,1;0,1;
01.07.2026;06:00;06:15;0,0;0,0;
01.07.2026;06:15;06:30;0,0;0,0;
01.07.2026;06:30;06:45;0,0;0,0;
01.07.2026;06:45;07:00;0,0;0,0;
01.07.2026;07:00;07:15;0,0;0,0;
01.07.2026;07:15;07:30;0,0;0,0;
01.07.2026;07:30;07:45;0,0;0,0;
01.07.2026;07:45;08:00;0,0;0,0;
01.07.2026;08:00;08:15;0,0;0,0;
01.07.2026;08:15;08:30;0,0;0,0;
01.07.2026;08:30;08:45;0,0;0,0;
01.07.2026;08:45;09:00;0,0;0,0;
01.07.2026;09:00;09:15;0,0;0,0;
01.07.2026;09:15;09:30;0,0;0,0;
01.07.2026;09:30;09:45;0,0;0,0;
01.07.2026;09:45;10:00;0,0;0,0;
01.07.2026;10:00;10:15;0,0;0,0;
01.07.2026;10:15;10:30;0,0;0,0;
01.07.2026;10:30;10:45;0,0;0,0;
01.07.2026;10:45;11:00;0,0;0,0;
01.07.2026;11:00;11:15;0,0;0,0;
01.07.2026;11:15;11:30;0,0;0,0;
01.07.2026;11:30;11:45;0,0;0,0;
01.07.2026;11:45;12:00;0,0;0,0;
01.07.2026;12:00;12:15;0,0;0,0;
01.07.2026;12:15;12:30;0,0;0,0;
01.07.2026;12:30;12:45;0,0;0,0;
01.07.2026;12:45;13:00;0,0;0,0;
01.07.2026;13:00;13:15;0,0;0,0;
01.07.2026;13:15;13:30;0,0;0,0;
01.07.2026;13:30;13:45;0,0;0,0;
01.07.2026;13:45;14:00;0,0;0,0;
01.07.2026;14:00;14:15;0,0;0,0;
01.07.2026;14:15;14:30;0,0;0,0;
01.07.2026;14:30;14:45;0,0;0,0;
01.07.2026;14:45;15:00;0,0;0,0;
01.07.2026;15:00;15:15;0,53;0,53;
01.07.2026;15:15;15:30;1,57;1,57;
01.07.2026;15:30;15:45;2,41;2,41;
01.07.2026;15:45;16:00;3,48;3,48;
01.07.2026;16:00;16:15;3,55;3,55;
01.07.2026;16:15;16:30;3,45;3,45;
01.07.2026;16:30;16:45;3,22;3,22;
01.07.2026;16:45;17:00;2,7;2,7;
01.07.2026;17:00;17:15;2,65;2,65;
01.07.2026;17:15;17:30;2,44;2,44;
01.07.2026;17:30;17:45;2,79;2,79;
01.07.2026;17:45;18:00;2,37;2,37;
01.07.2026;18:00;18:15;2,33;2,33;
01.07.2026;18:15;18:30;2,41;2,41;
01.07.2026;18:30;18:45;1,81;1,81;
01.07.2026;18:45;19:00;1,72;1,72;
01.07.2026;19:00;19:15;1,69;1,69;
01.07.2026;19:15;19:30;1,25;1,25;
01.07.2026;19:30;19:45;1,01;1,01;
01.07.2026;19:45;20:00;0,89;0,89;
01.07.2026;20:00;20:15;0,58;0,58;
01.07.2026;20:15;20:30;0,38;0,38;
01.07.2026;20:30;20:45;0,13;0,13;
01.07.2026;20:45;21:00;0,01;0,01;
01.07.2026;21:00;21:15;0,0;0,0;
01.07.2026;21:15;21:30;0,0;0,0;
01.07.2026;21:30;21:45;0,0;0,0;
01.07.2026;21:45;22:00;0,0;0,0;
01.07.2026;22:00;22:15;0,0;0,0;
01.07.2026;22:15;22:30;0,0;0,0;
01.07.2026;22:30;22:45;0,0;0,0;
01.07.2026;22:45;23:00;0,0;0,0;
01.07.2026;23:00;23:15;0,0;0,0;
01.07.2026;23:15;23:30;0,0;0,0;
01.07.2026;23:30;23:45;0,0;0,0;
01.07.2026;23:45;00:00;0,0;0,0;
02.07.2026;00:00;00:15;0,0;0,0;
02.07.2026;00:15;00:30;0,0;0,0;
02.07.2026;00:30;00:45;0,0;0,0;
02.07.2026;00:45;01:00;0,0;0,0;
02.07.2026;01:00;01:15;0,0;0,0;
02.07.2026;01:15;01:30;0,0;0,0;
02.07.2026;01:30;01:45;0,0;0,0;
02.07.2026;01:45;02:00;0,0;0,0;
02.07.2026;02:00;02:15;0,0;0,0;
02.07.2026;02:15;02:30;0,0;0,0;
02.07.2026;02:30;02:45;0,0;0,0;
02.07.2026;02:45;03:00;0,0;0,0;
02.07.2026;03:00;03:15;0,0;0,0;
02.07.2026;03:15;03:30;0,0;0,0;
02.07.2026;03:30;03:45;0,0;0,0;
02.07.2026;03:45;04:00;0,0;0,0;
02.07.2026;04:00;04:15;0,0;0,0;
02.07.2026;04:15;04:30;0,0;0,0;
02.07.2026;04:30;04:45;0,0;0,0;
02.07.2026;04:45;05:00;0,0;0,0;
02.07.2026;05:00;05:15;0,13;0,13;
02.07.2026;05:15;05:30;0,24;0,24;
02.07.2026;05:30;05:45;0,26;0,26;
02.07.2026;05:45;06:00;0,14;0,14;
02.07.2026;06:00;06:15;0,0;0,0;
02.07.2026;06:15;06:30;0,0;0,0;
02.07.2026;06:30;06:45;0,0;0,0;
02.07.2026;06:45;07:00;0,0;0,0;
02.07.2026;07:00;07:15;0,0;0,0;
02.07.2026;07:15;07:30;0,0;0,0;
02.07.2026;07:30;07:45;0,0;0,0;
02.07.2026;07:45;08:00;0,0;0,0;
02.07.2026;08:00;08:15;0,0;0,0;
02.07.2026;08:15;08:30;0,0;0,0;
02.07.2026;08:30;08:45;0,0;0,0;
02.07.2026;08:45;09:00;0,0;0,0;
02.07.2026;09:00;09:15;0,0;0,0;
02.07.2026;09:15;09:30;0,0;0,0;
02.07.2026;09:30;09:45;0,0;0,0;
02.07.2026;09:45;10:00;0,0;0,0;
02.07.2026;10:00;10:15;0,0;0,0;
02.07.2026;10:15;10:30;0,0;0,0;
02.07.2026;10:30;10:45;0,0;0,0;
02.07.2026;10:45;11:00;0,0;0,0;
02.07.2026;11:00;11:15;0,0;0,0;
02.07.2026;11:15;11:30;0,0;0,0;
02.07.2026;11:30;11:45;0,0;0,0;
02.07.2026;11:45;12:00;0,0;0,0;
02.07.2026;12:00;12:15;0,0;0,0;
02.07.2026;12:15;12:30;0,0;0,0;
02.07.2026;12:30;12:45;0,0;0,0;
02.07.2026;12:45;13:00;0,0;0,0;
02.07.2026;13:00;13:15;0,0;0,0;
02.07.2026;13:15;13:30;0,0;0,0;
02.07.2026;13:30;13:45;0,0;0,0;
02.07.2026;13:45;14:00;0,0;0,0;
02.07.2026;14:00;14:15;0,0;0,0;
02.07.2026;14:15;14:30;0,0;0,0;
02.07.2026;14:30;14:45;0,0;0,0;
02.07.2026;14:45;15:00;0,0;0,0;
02.07.2026;15:00;15:15;0,69;0,69;
02.07.2026;15:15;15:30;2,02;2,02;
02.07.2026;15:30;15:45;3,0;3,0;
02.07.2026;15:45;16:00;3,88;3,88;
02.07.2026;16:00;16:15;5,47;5,47;
02.07.2026;16:15;16:30;5,28;5,28;
02.07.2026;16:30;16:45;4,71;4,71;
02.07.2026;16:45;17:00;4,12;4,12;
02.07.2026;17:00;17:15;3,93;3,93;
02.07.2026;17:15;17:30;4,17;4,17;
02.07.2026;17:30;17:45;4,12;4,12;
02.07.2026;17:45;18:00;3,84;3,84;
02.07.2026;18:00;18:15;3,47;3,47;
02.07.2026;18:15;18:30;3,07;3,07;
02.07.2026;18:30;18:45;2,35;2,35;
02.07.2026;18:45;19:00;2,18;2,18;
02.07.2026;19:00;19:15;2,41;2,41;
02.07.2026;19:15;19:30;1,93;1,93;
02.07.2026;19:30;19:45;1,36;1,36;
02.07.2026;19:45;20:00;1,15;1,15;
02.07.2026;20:00;20:15;0,94;0,94;
02.07.2026;20:15;20:30;0,39;0,39;
02.07.2026;20:30;20:45;0,15;0,15;
02.07.2026;20:45;21:00;0,02;0,02;
02.07.2026;21:00;21:15;0,0;0,0;
02.07.2026;21:15;21:30;0,0;0,0;
02.07.2026;21:30;21:45;0,0;0,0;
02.07.2026;21:45;22:00;0,0;0,0;
02.07.2026;22:00;22:15;0,0;0,0;
02.07.2026;22:15;22:30;0,0;0,0;
02.07.2026;22:30;22:45;0,0;0,0;
02.07.2026;22:45;23:00;0,0;0,0;
02.07.2026;23:00;23:15;0,0;0,0;
02.07.2026;23:15;23:30;0,0;0,0;
02.07.2026;23:30;23:45;0,0;0,0;
02.07.2026;23:45;00:00;0,0;0,0;
03.07.2026;00:00;00:15;0,0;0,0;
03.07.2026;00:15;00:30;0,0;0,0;
03.07.2026;00:30;00:45;0,0;0,0;
03.07.2026;00:45;01:00;0,0;0,0;
03.07.2026;01:00;01:15;0,0;0,0;
03.07.2026;01:15;01:30;0,0;0,0;
03.07.2026;01:30;01:45;0,0;0,0;
03.07.2026;01:45;02:00;0,0;0,0;
03.07.2026;02:00;02:15;0,0;0,0;
03.07.2026;02:15;02:30;0,0;0,0;
03.07.2026;02:30;02:45;0,0;0,0;
03.07.2026;02:45;03:00;0,0;0,0;
03.07.2026;03:00;03:15;0,0;0,0;
03.07.2026;03:15;03:30;0,0;0,0;
03.07.2026;03:30;03:45;0,0;0,0;
03.07.2026;03:45;04:00;0,0;0,0;
03.07.2026;04:00;04:15;0,0;0,0;
03.07.2026;04:15;04:30;0,0;0,0;
03.07.2026;04:30;04:45;0,0;0,0;
03.07.2026;04:45;05:00;0,0;0,0;
03.07.2026;05:00;05:15;0,11;0,11;
03.07.2026;05:15;05:30;0,21;0,21;
03.07.2026;05:30;05:45;0,28;0,28;
03.07.2026;05:45;06:00;0,11;0,11;
03.07.2026;06:00;06:15;0,0;0,0;
03.07.2026;06:15;06:30;0,0;0,0;
03.07.2026;06:30;06:45;0,0;0,0;
03.07.2026;06:45;07:00;0,0;0,0;
03.07.2026;07:00;07:15;0,0;0,0;
03.07.2026;07:15;07:30;0,0;0,0;
03.07.2026;07:30;07:45;0,0;0,0;
03.07.2026;07:45;08:00;0,0;0,0;
03.07.2026;08:00;08:15;0,0;0,0;
03.07.2026;08:15;08:30;0,0;0,0;
03.07.2026;08:30;08:45;0,0;0,0;
03.07.2026;08:45;09:00;0,0;0,0;
03.07.2026;09:00;09:15;0,0;0,0;
03.07.2026;09:15;09:30;0,0;0,0;
03.07.2026;09:30;09:45;0,0;0,0;
03.07.2026;09:45;10:00;0,0;0,0;
03.07.2026;10:00;10:15;0,0;0,0;
03.07.2026;10:15;10:30;0,0;0,0;
03.07.2026;10:30;10:45;0,0;0,0;
03.07.2026;10:45;11:00;0,0;0,0;
03.07.2026;11:00;11:15;0,0;0,0;
03.07.2026;11:15;11:30;0,0;0,0;
03.07.2026;11:30;11:45;0,0;0,0;
03.07.2026;11:45;12:00;0,0;0,0;
03.07.2026;12:00;12:15;0,0;0,0;
03.07.2026;12:15;12:30;0,0;0,0;
03.07.2026;12:30;12:45;0,0;0,0;
03.07.2026;12:45;13:00;0,0;0,0;
03.07.2026;13:00;13:15;0,0;0,0;
03.07.2026;13:15;13:30;0,0;0,0;
03.07.2026;13:30;13:45;0,0;0,0;
03.07.2026;13:45;14:00;0,0;0,0;
03.07.2026;14:00;14:15;0,0;0,0;
03.07.2026;14:15;14:30;0,0;0,0;
03.07.2026;14:30;14:45;0,0;0,0;
03.07.2026;14:45;15:00;0,0;0,0;
03.07.2026;15:00;15:15;0,54;0,54;
03.07.2026;15:15;15:30;1,84;1,84;
03.07.2026;15:30;15:45;2,51;2,51;
03.07.2026;15:45;16:00;3,92;3,92;
03.07.2026;16:00;16:15;4,44;4,44;
03.07.2026;16:15;16:30;3,95;3,95;
03.07.2026;16:30;16:45;4,17;4,17;
03.07.2026;16:45;17:00;3,33;3,33;
03.07.2026;17:00;17:15;3,18;3,18;
03.07.2026;17:15;17:30;3,84;3,84;
03.07.2026;17:30;17:45;3,16;3,16;
03.07.2026;17:45;18:00;2,74;2,74;
03.07.2026;18:00;18:15;2,89;2,89;
03.07.2026;18:15;18:30;2,86;2,86;
03.07.2026;18:30;18:45;2,2;2,2;
03.07.2026;18:45;19:00;2,25;2,25;
03.07.2026;19:00;19:15;1,69;1,69;
03.07.2026;19:15;19:30;1,46;1,46;
03.07.2026;19:30;19:45;1,44;1,44;
03.07.2026;19:45;20:00;1,19;1,19;
03.07.2026;20:00;20:15;0,83;0,83;
03.07.2026;20:15;20:30;0,44;0,44;
03.07.2026;20:30;20:45;0,17;0,17;
03.07.2026;20:45;21:00;0,02;0,02;
03.07.2026;21:00;21:15;0,0;0,0;
03.07.2026;21:15;21:30;0,0;0,0;
03.07.2026;21:30;21:45;0,0;0,0;
03.07.2026;21:45;22:00;0,0;0,0;
03.07.2026;22:00;22:15;0,0;0,0;
03.07.2026;22:15;22:30;0,0;0,0;
03.07.2026;22:30;22:45;0,0;0,0;
03.07.2026;22:45;23:00;0,0;0,0;
03.07.2026;23:00;23:15;0,0;0,0;
03.07.2026;23:15;23:30;0,0;0,0;
03.07.2026;23:30;23:45;0,0;0,0;
03.07.2026;23:45;00:00;0,0;0,0;
04.07.2026;00:00;00:15;0,0;0,0;
04.07.2026;00:15;00:30;0,0;0,0;
04.07.2026;00:30;00:45;0,0;0,0;
04.07.2026;00:45;01:00;0,0;0,0;
04.07.2026;01:00;01:15;0,0;0,0;
04.07.2026;01:15;01:30;0,0;0,0;
04.07.2026;01:30;01:45;0,0;0,0;
04.07.2026;01:45;02:00;0,0;0,0;
04.07.2026;02:00;02:15;0,0;0,0;
04.07.2026;02:15;02:30;0,0;0,0;
04.07.2026;02:30;02:45;0,0;0,0;
04.07.2026;02:45;03:00;0,0;0,0;
04.07.2026;03:00;03:15;0,0;0,0;
04.07.2026;03:15;03:30;0,0;0,0;
04.07.2026;03:30;03:45;0,0;0,0;
04.07.2026;03:45;04:00;0,0;0,0;
04.07.2026;04:00;04:15;0,0;0,0;
04.07.2026;04:15;04:30;0,0;0,0;
04.07.2026;04:30;04:45;0,0;0,0;
04.07.2026;04:45;05:00;0,0;0,0;
04.07.2026;05:00;05:15;0,09;0,09;
04.07.2026;05:15;05:30;0,23;0,23;
04.07.2026;05:30;05:45;0,23;0,23;
04.07.2026;05:45;06:00;0,1;0,1;
04.07.2026;06:00;06:15;0,0;0,0;
04.07.2026;06:15;06:30;0,0;0,0;
04.07.2026;06:30;06:45;0,0;0,0;
04.07.2026;06:45;07:00;0,0;0,0;
04.07.2026;07:00;07:15;0,0;0,0;
04.07.2026;07:15;07:30;0,0;0,0;
04.07.2026;07:30;07:45;0,0;0,0;
04.07.2026;07:45;08:00;0,0;0,0;
04.07.2026;08:00;08:15;0,0;0,0;
04.07.2026;08:15;08:30;0,0;0,0;
04.07.2026;08:30;08:45;0,0;0,0;
04.07.2026;08:45;09:00;0,0;0,0;
04.07.2026;09:00;09:15;0,0;0,0;
04.07.2026;09:15;09:30;0,0;0,0;
04.07.2026;09:30;09:45;0,0;0,0;
04.07.2026;09:45;10:00;0,0;0,0;
04.07.2026;10:00;10:15;0,0;0,0;
04.07.2026;10:15;10:30;0,0;0,0;
04.07.2026;10:30;10:45;0,0;0,0;
04.07.2026;10:45;11:00;0,0;0,0;
04.07.2026;11:00;11:15;0,59;0,59;
04.07.2026;11:15;11:30;2,01;2,01;
04.07.2026;11:30;11:45;2,9;2,9;
04.07.2026;11:45;12:00;4,84;4,84;
04.07.2026;12:00;12:15;5,51;5,51;
04.07.2026;12:15;12:30;4,49;4,49;
04.07.2026;12:30;12:45;4,33;4,33;
04.07.2026;12:45;13:00;4,38;4,38;
04.07.2026;13:00;13:15;4,26;4,26;
04.07.2026;13:15;13:30;4,36;4,36;
04.07.2026;13:30;13:45;5,22;5,22;
04.07.2026;13:45;14:00;4,28;4,28;
04.07.2026;14:00;14:15;4,6;4,6;
04.07.2026;14:15;14:30;5,3;5,3;
04.07.2026;14:30;14:45;4,05;4,05;
04.07.2026;14:45;15:00;5,09;5,09;
04.07.2026;15:00;15:15;4,26;4,26;
04.07.2026;15:15;15:30;3,94;3,94;
04.07.2026;15:30;15:45;4,59;4,59;
04.07.2026;15:45;16:00;4,37;4,37;
04.07.2026;16:00;16:15;4,54;4,54;
04.07.2026;16:15;16:30;4,21;4,21;
04.07.2026;16:30;16:45;4,12;4,12;
04.07.2026;16:45;17:00;3,37;3,37;
04.07.2026;17:00;17:15;3,1;3,1;
04.07.2026;17:15;17:30;3,5;3,5;
04.07.2026;17:30;17:45;3,35;3,35;
04.07.2026;17:45;18:00;3,29;3,29;
04.07.2026;18:00;18:15;2,6;2,6;
04.07.2026;18:15;18:30;2,36;2,36;
04.07.2026;18:30;18:45;2,43;2,43;
04.07.2026;18:45;19:00;1,92;1,92;
04.07.2026;19:00;19:15;2,03;2,03;
04.07.2026;19:15;19:30;1,73;1,73;
04.07.2026;19:30;19:45;1,3;1,3;
04.07.2026;19:45;20:00;1,17;1,17;
04.07.2026;20:00;20:15;0,8;0,8;
04.07.2026;20:15;20:30;0,34;0,34;
04.07.2026;20:30;20:45;0,15;0,15;
04.07.2026;20:45;21:00;0,02;0,02;
04.07.2026;21:00;21:15;0,0;0,0;
04.07.2026;21:15;21:30;0,0;0,0;
04.07.2026;21:30;21:45;0,0;0,0;
04.07.2026;21:45;22:00;0,0;0,0;
04.07.2026;22:00;22:15;0,0;0,0;
04.07.2026;22:15;22:30;0,0;0,0;
04.07.2026;22:30;22:45;0,0;0,0;
04.07.2026;22:45;23:00;0,0;0,0;
04.07.2026;23:00;23:15;0,0;0,0;
04.07.2026;23:15;23:30;0,0;0,0;
04.07.2026;23:30;23:45;0,0;0,0;
04.07.2026;23:45;00:00;0,0;0,0;
05.07.2026;00:00;00:15;0,0;0,0;
05.07.2026;00:15;00:30;0,0;0,0;
05.07.2026;00:30;00:45;0,0;0,0;
05.07.2026;00:45;01:00;0,0;0,0;
05.07.2026;01:00;01:15;0,0;0,0;
05.07.2026;01:15;01:30;0,0;0,0;
05.07.2026;01:30;01:45;0,0;0,0;
05.07.2026;01:45;02:00;0,0;0,0;
05.07.2026;02:00;02:15;0,0;0,0;
05.07.2026;02:15;02:30;0,0;0,0;
05.07.2026;02:30;02:45;0,0;0,0;
05.07.2026;02:45;03:00;0,0;0,0;
05.07.2026;03:00;03:15;0,0;0,0;
05.07.2026;03:15;03:30;0,0;0,0;
05.07.2026;03:30;03:45;0,0;0,0;
05.07.2026;03:45;04:00;0,0;0,0;
05.07.2026;04:00;04:15;0,0;0,0;
05.07.2026;04:15;04:30;0,0;0,0;
05.07.2026;04:30;04:45;0,0;0,0;
05.07.2026;04:45;05:00;0,0;0,0;
05.07.2026;05:00;05:15;0,1;0,1;
05.07.2026;05:15;05:30;0,24;0,24;
05.07.2026;05:30;05:45;0,5;0,5;
05.07.2026;05:45;06:00;0,68;0,68;
05.07.2026;06:00;06:15;0,72;0,72;
05.07.2026;06:15;06:30;0,87;0,87;
05.07.2026;06:30;06:45;1,34;1,34;
05.07.2026;06:45;07:00;1,29;1,29;
05.07.2026;07:00;07:15;1,45;1,45;
05.07.2026;07:15;07:30;1,84;1,84;
05.07.2026;07:30;07:45;2,09;2,09;
05.07.2026;07:45;08:00;2,29;2,29;
05.07.2026;08:00;08:15;2,31;2,31;
05.07.2026;08:15;08:30;2,21;2,21;
05.07.2026;08:30;08:45;2,13;2,13;
05.07.2026;08:45;09:00;2,79;2,79;
05.07.2026;09:00;09:15;2,75;2,75;
05.07.2026;09:15;09:30;2,76;2,76;
05.07.2026;09:30;09:45;3,3;3,3;
05.07.2026;09:45;10:00;2,7;2,7;
05.07.2026;10:00;10:15;3,15;3,15;
05.07.2026;10:15;10:30;2,77;2,77;
05.07.2026;10:30;10:45;3,3;3,3;
05.07.2026;10:45;11:00;2,96;2,96;
05.07.2026;11:00;11:15;3,09;3,09;
05.07.2026;11:15;11:30;3,14;3,14;
05.07.2026;11:30;11:45;3,76;3,76;
05.07.2026;11:45;12:00;3,91;3,91;
05.07.2026;12:00;12:15;3,77;3,77;
05.07.2026;12:15;12:30;4,22;4,22;
05.07.2026;12:30;12:45;3,58;3,58;
05.07.2026;12:45;13:00;3,49;3,49;
05.07.2026;13:00;13:15;4,15;4,15;
05.07.2026;13:15;13:30;3,41;3,41;
05.07.2026;13:30;13:45;4,22;4,22;
05.07.2026;13:45;14:00;3,14;3,14;
05.07.2026;14:00;14:15;4,16;4,16;
05.07.2026;14:15;14:30;3,11;3,11;
05.07.2026;14:30;14:45;3,96;3,96;
05.07.2026;14:45;15:00;3,51;3,51;
05.07.2026;15:00;15:15;3,92;3,92;
05.07.2026;15:15;15:30;2,91;2,91;
05.07.2026;15:30;15:45;3,3;3,3;
05.07.2026;15:45;16:00;3,6;3,6;
05.07.2026;16:00;16:15;3,07;3,07;
05.07.2026;16:15;16:30;3,06;3,06;
05.07.2026;16:30;16:45;2,99;2,99;
05.07.2026;16:45;17:00;2,67;2,67;
05.07.2026;17:00;17:15;2,67;2,67;
05.07.2026;17:15;17:30;2,5;2,5;
05.07.2026;17:30;17:45;2,57;2,57;
05.07.2026;17:45;18:00;1,86;1,86;
05.07.2026;18:00;18:15;1,87;1,87;
05.07.2026;18:15;18:30;2,09;2,09;
05.07.2026;18:30;18:45;1,88;1,88;
05.07.2026;18:45;19:00;1,49;1,49;
05.07.2026;19:00;19:15;1,39;1,39;
05.07.2026;19:15;19:30;1,09;1,09;
05.07.2026;19:30;19:45;0,9;0,9;
05.07.2026;19:45;20:00;0,81;0,81;
05.07.2026;20:00;20:15;0,53;0,53;
05.07.2026;20:15;20:30;0,29;0,29;
05.07.2026;20:30;20:45;0,09;0,09;
05.07.2026;20:45;21:00;0,01;0,01;
05.07.2026;21:00;21:15;0,0;0,0;
05.07.2026;21:15;21:30;0,0;0,0;
05.07.2026;21:30;21:45;0,0;0,0;
05.07.2026;21:45;22:00;0,0;0,0;
05.07.2026;22:00;22:15;0,0;0,0;
05.07.2026;22:15;22:30;0,0;0,0;
05.07.2026;22:30;22:45;0,0;0,0;
05.07.2026;22:45;23:00;0,0;0,0;
05.07.2026;23:00;23:15;0,0;0,0;
05.07.2026;23:15;23:30;0,0;0,0;
05.07.2026;23:30;23:45;0,0;0,0;
05.07.2026;23:45;00:00;0,0;0,0;
06.07.2026;00:00;00:15;0,0;0,0;
06.07.2026;00:15;00:30;0,0;0,0;
06.07.2026;00:30;00:45;0,0;0,0;
06.07.2026;00:45;01:00;0,0;0,0;
06.07.2026;01:00;01:15;0,0;0,0;
06.07.2026;01:15;01:30;0,0;0,0;
06.07.2026;01:30;01:45;0,0;0,0;
06.07.2026;01:45;02:00;0,0;0,0;
06.07.2026;02:00;02:15;0,0;0,0;
06.07.2026;02:15;02:30;0,0;0,0;
06.07.2026;02:30;02:45;0,0;0,0;
06.07.2026;02:45;03:00;0,0;0,0;
06.07.2026;03:00;03:15;0,0;0,0;
06.07.2026;03:15;03:30;0,0;0,0;
06.07.2026;03:30;03:45;0,0;0,0;
06.07.2026;03:45;04:00;0,0;0,0;
06.07.2026;04:00;04:15;0,0;0,0;
06.07.2026;04:15;04:30;0,0;0,0;
06.07.2026;04:30;04:45;0,0;0,0;
06.07.2026;04:45;05:00;0,0;0,0;
06.07.2026;05:00;05:15;0,09;0,09;
06.07.2026;05:15;05:30;0,2;0,2;
06.07.2026;05:30;05:45;0,17;0,17;
06.07.2026;05:45;06:00;0,09;0,09;
06.07.2026;06:00;06:15;0,0;0,0;
06.07.2026;06:15;06:30;0,0;0,0;
06.07.2026;06:30;06:45;0,0;0,0;
06.07.2026;06:45;07:00;0,0;0,0;
06.07.2026;07:00;07:15;0,0;0,0;
06.07.2026;07:15;07:30;0,0;0,0;
06.07.2026;07:30;07:45;0,0;0,0;
06.07.2026;07:45;08:00;0,0;0,0;
06.07.2026;08:00;08:15;0,0;0,0;
06.07.2026;08:15;08:30;0,0;0,0;
06.07.2026;08:30;08:45;0,0;0,0;
06.07.2026;08:45;09:00;0,0;0,0;
06.07.2026;09:00;09:15;0,0;0,0;
06.07.2026;09:15;09:30;0,0;0,0;
06.07.2026;09:30;09:45;0,0;0,0;
06.07.2026;09:45;10:00;0,0;0,0;
06.07.2026;10:00;10:15;0,0;0,0;
06.07.2026;10:15;10:30;0,0;0,0;
06.07.2026;10:30;10:45;0,0;0,0;
06.07.2026;10:45;11:00;0,0;0,0;
06.07.2026;11:00;11:15;0,0;0,0;
06.07.2026;11:15;11:30;0,0;0,0;
06.07.2026;11:30;11:45;0,0;0,0;
06.07.2026;11:45;12:00;0,0;0,0;
06.07.2026;12:00;12:15;0,0;0,0;
06.07.2026;12:15;12:30;0,0;0,0;
06.07.2026;12:30;12:45;0,0;0,0;
06.07.2026;12:45;13:00;0,0;0,0;
06.07.2026;13:00;13:15;0,0;0,0;
06.07.2026;13:15;13:30;0,0;0,0;
06.07.2026;13:30;13:45;0,0;0,0;
06.07.2026;13:45;14:00;0,0;0,0;
06.07.2026;14:00;14:15;0,0;0,0;
06.07.2026;14:15;14:30;0,0;0,0;
06.07.2026;14:30;14:45;0,0;0,0;
06.07.2026;14:45;15:00;0,0;0,0;
06.07.2026;15:00;15:15;0,46;0,46;
06.07.2026;15:15;15:30;1,21;1,21;
06.07.2026;15:30;15:45;2,1;2,1;
06.07.2026;15:45;16:00;3,06;3,06;
06.07.2026;16:00;16:15;3,46;3,46;
06.07.2026;16:15;16:30;2,63;2,63;
06.07.2026;16:30;16:45;3,19;3,19;
06.07.2026;16:45;17:00;2,7;2,7;
06.07.2026;17:00;17:15;2,39;2,39;
06.07.2026;17:15;17:30;2,41;2,41;
06.07.2026;17:30;17:45;2,63;2,63;
06.07.2026;17:45;18:00;2,15;2,15;
06.07.2026;18:00;18:15;1,89;1,89;
06.07.2026;18:15;18:30;1,91;1,91;
06.07.2026;18:30;18:45;1,55;1,55;
06.07.2026;18:45;19:00;1,32;1,32;
06.07.2026;19:00;19:15;1,19;1,19;
06.07.2026;19:15;19:30;1,04;1,04;
06.07.2026;19:30;19:45;0,89;0,89;
06.07.2026;19:45;20:00;0,73;0,73;
06.07.2026;20:00;20:15;0,58;0,58;
06.07.2026;20:15;20:30;0,26;0,26;
06.07.2026;20:30;20:45;0,1;0,1;
06.07.2026;20:45;21:00;0,01;0,01;
06.07.2026;21:00;21:15;0,0;0,0;
06.07.2026;21:15;21:30;0,0;0,0;
06.07.2026;21:30;21:45;0,0;0,0;
06.07.2026;21:45;22:00;0,0;0,0;
06.07.2026;22:00;22:15;0,0;0,0;
06.07.2026;22:15;22:30;0,0;0,0;
06.07.2026;22:30;22:45;0,0;0,0;
06.07.2026;22:45;23:00;0,0;0,0;
06.07.2026;23:00;23:15;0,0;0,0;
06.07.2026;23:15;23:30;0,0;0,0;
06.07.2026;23:30;23:45;0,0;0,0;
06.07.2026;23:45;00:00;0,0;0,0;
07.07.2026;00:00;00:15;0,0;0,0;
07.07.2026;00:15;00:30;0,0;0,0;
07.07.2026;00:30;00:45;0,0;0,0;
07.07.2026;00:45;01:00;0,0;0,0;
07.07.2026;01:00;01:15;0,0;0,0;
07.07.2026;01:15;01:30;0,0;0,0;
07.07.2026;01:30;01:45;0,0;0,0;
07.07.2026;01:45;02:00;0,0;0,0;
07.07.2026;02:00;02:15;0,0;0,0;
07.07.2026;02:15;02:30;0,0;0,0;
07.07.2026;02:30;02:45;0,0;0,0;
07.07.2026;02:45;03:00;0,0;0,0;
07.07.2026;03:00;03:15;0,0;0,0;
07.07.2026;03:15;03:30;0,0;0,0;
07.07.2026;03:30;03:45;0,0;0,0;
07.07.2026;03:45;04:00;0,0;0,0;
07.07.2026;04:00;04:15;0,0;0,0;
07.07.2026;04:15;04:30;0,0;0,0;
07.07.2026;04:30;04:45;0,0;0,0;
07.07.2026;04:45;05:00;0,0;0,0;
07.07.2026;05:00;05:15;0,08;0,08;
07.07.2026;05:15;05:30;0,14;0,14;
07.07.2026;05:30;05:45;0,15;0,15;
07.07.2026;05:45;06:00;0,08;0,08;
07.07.2026;06:00;06:15;0,0;0,0;
07.07.2026;06:15;06:30;0,0;0,0;
07.07.2026;06:30;06:45;0,0;0,0;
07.07.2026;06:45;07:00;0,0;0,0;
07.07.2026;07:00;07:15;0,0;0,0;
07.07.2026;07:15;07:30;0,0;0,0;
07.07.2026;07:30;07:45;0,0;0,0;
07.07.2026;07:45;08:00;0,0;0,0;
07.07.2026;08:00;08:15;0,0;0,0;
07.07.2026;08:15;08:30;0,0;0,0;
07.07.2026;08:30;08:45;0,0;0,0;
07.07.2026;08:45;09:00;0,0;0,0;
07.07.2026;09:00;09:15;0,0;0,0;
07.07.2026;09:15;09:30;0,0;0,0;
07.07.2026;09:30;09:45;0,0;0,0;
07.07.2026;09:45;10:00;0,0;0,0;
07.07.2026;10:00;10:15;0,0;0,0;
07.07.2026;10:15;10:30;0,0;0,0;
07.07.2026;10:30;10:45;0,0;0,0;
07.07.2026;10:45;11:00;0,0;0,0;
07.07.2026;11:00;11:15;0,0;0,0;
07.07.2026;11:15;11:30;0,0;0,0;
07.07.2026;11:30;11:45;0,0;0,0;
07.07.2026;11:45;12:00;0,0;0,0;
07.07.2026;12:00;12:15;0,0;0,0;
07.07.2026;12:15;12:30;0,0;0,0;
07.07.2026;12:30;12:45;0,0;0,0;
07.07.2026;12:45;13:00;0,0;0,0;
07.07.2026;13:00;13:15;0,0;0,0;
07.07.2026;13:15;13:30;0,0;0,0;
07.07.2026;13:30;13:45;0,0;0,0;
07.07.2026;13:45;14:00;0,0;0,0;
07.07.2026;14:00;14:15;0,0;0,0;
07.07.2026;14:15;14:30;0,0;0,0;
07.07.2026;14:30;14:45;0,0;0,0;
07.07.2026;14:45;15:00;0,0;0,0;
07.07.2026;15:00;15:15;0,35;0,35;
07.07.2026;15:15;15:30;1,05;1,05;
07.07.2026;15:30;15:45;1,76;1,76;
07.07.2026;15:45;16:00;2,31;2,31;
07.07.2026;16:00;16:15;3,16;3,16;
07.07.2026;16:15;16:30;2,38;2,38;
07.07.2026;16:30;16:45;2,64;2,64;
07.07.2026;16:45;17:00;2,44;2,44;
07.07.2026;17:00;17:15;2,73;2,73;
07.07.2026;17:15;17:30;2,0;2,0;
07.07.2026;17:30;17:45;2,06;2,06;
07.07.2026;17:45;18:00;2,27;2,27;
07.07.2026;18:00;18:15;2,05;2,05;
07.07.2026;18:15;18:30;1,87;1,87;
07.07.2026;18:30;18:45;1,44;1,44;
07.07.2026;18:45;19:00;1,26;1,26;
07.07.2026;19:00;19:15;1,31;1,31;
07.07.2026;19:15;19:30;1,22;1,22;
07.07.2026;19:30;19:45;0,94;0,94;
07.07.2026;19:45;20:00;0,77;0,77;
07.07.2026;20:00;20:15;0,48;0,48;
07.07.2026;20:15;20:30;0,29;0,29;
07.07.2026;20:30;20:45;0,09;0,09;
07.07.2026;20:45;21:00;0,01;0,01;
07.07.2026;21:00;21:15;0,0;0,0;
07.07.2026;21:15;21:30;0,0;0,0;
07.07.2026;21:30;21:45;0,0;0,0;
07.07.2026;21:45;22:00;0,0;0,0;
07.07.2026;22:00;22:15;0,0;0,0;
07.07.2026;22:15;22:30;0,0;0,0;
07.07.2026;22:30;22:45;0,0;0,0;
07.07.2026;22:45;23:00;0,0;0,0;
07.07.2026;23:00;23:15;0,0;0,0;
07.07.2026;23:15;23:30;0,0;0,0;
07.07.2026;23:30;23:45;0,0;0,0;
07.07.2026;23:45;00:00;0,0;0,0;
08.07.2026;00:00;00:15;0,0;0,0;
08.07.2026;00:15;00:30;0,0;0,0;
08.07.2026;00:30;00:45;0,0;0,0;
08.07.2026;00:45;01:00;0,0;0,0;
08.07.2026;01:00;01:15;0,0;0,0;
08.07.2026;01:15;01:30;0,0;0,0;
08.07.2026;01:30;01:45;0,0;0,0;
08.07.2026;01:45;02:00;0,0;0,0;
08.07.2026;02:00;02:15;0,0;0,0;
08.07.2026;02:15;02:30;0,0;0,0;
08.07.2026;02:30;02:45;0,0;0,0;
08.07.2026;02:45;03:00;0,0;0,0;
08.07.2026;03:00;03:15;0,0;0,0;
08.07.2026;03:15;03:30;0,0;0,0;
08.07.2026;03:30;03:45;0,0;0,0;
08.07.2026;03:45;04:00;0,0;0,0;
08.07.2026;04:00;04:15;0,0;0,0;
08.07.2026;04:15;04:30;0,0;0,0;
08.07.2026;04:30;04:45;0,0;0,0;
08.07.2026;04:45;05:00;0,0;0,0;
08.07.2026;05:00;05:15;0,13;0,13;
08.07.2026;05:15;05:30;0,27;0,27;
08.07.2026;05:30;05:45;0,29;0,29;
08.07.2026;05:45;06:00;0,11;0,11;
08.07.2026;06:00;06:15;0,0;0,0;
08.07.2026;06:15;06:30;0,0;0,0;
08.07.2026;06:30;06:45;0,0;0,0;
08.07.2026;06:45;07:00;0,0;0,0;
08.07.2026;07:00;07:15;0,0;0,0;
08.07.2026;07:15;07:30;0,0;0,0;
08.07.2026;07:30;07:45;0,0;0,0;
08.07.2026;07:45;08:00;0,0;0,0;
08.07.2026;08:00;08:15;0,0;0,0;
08.07.2026;08:15;08:30;0,0;0,0;
08.07.2026;08:30;08:45;0,0;0,0;
08.07.2026;08:45;09:00;0,0;0,0;
08.07.2026;09:00;09:15;0,0;0,0;
08.07.2026;09:15;09:30;0,0;0,0;
08.07.2026;09:30;09:45;0,0;0,0;
08.07.2026;09:45;10:00;0,0;0,0;
08.07.2026;10:00;10:15;0,0;0,0;
08.07.2026;10:15;10:30;0,0;0,0;
08.07.2026;10:30;10:45;0,0;0,0;
08.07.2026;10:45;11:00;0,0;0,0;
08.07.2026;11:00;11:15;0,0;0,0;
08.07.2026;11:15;11:30;0,0;0,0;
08.07.2026;11:30;11:45;0,0;0,0;
08.07.2026;11:45;12:00;0,0;0,0;
08.07.2026;12:00;12:15;0,0;0,0;
08.07.2026;12:15;12:30;0,0;0,0;
08.07.2026;12:30;12:45;0,0;0,0;
08.07.2026;12:45;13:00;0,0;0,0;
08.07.2026;13:00;13:15;0,0;0,0;
08.07.2026;13:15;13:30;0,0;0,0;
08.07.2026;13:30;13:45;0,0;0,0;
08.07.2026;13:45;14:00;0,0;0,0;
08.07.2026;14:00;14:15;0,0;0,0;
08.07.2026;14:15;14:30;0,0;0,0;
08.07.2026;14:30;14:45;0,0;0,0;
08.07.2026;14:45;15:00;0,0;0,0;
08.07.2026;15:00;15:15;0,7;0,7;
08.07.2026;15:15;15:30;1,65;1,65;
08.07.2026;15:30;15:45;3,19;3,19;
08.07.2026;15:45;16:00;4,58;4,58;
08.07.2026;16:00;16:15;5,22;5,22;
08.07.2026;16:15;16:30;4,31;4,31;
08.07.2026;16:30;16:45;4,76;4,76;
08.07.2026;16:45;17:00;3,67;3,67;
08.07.2026;17:00;17:15;4,37;4,37;
08.07.2026;17:15;17:30;3,33;3,33;
08.07.2026;17:30;17:45;3,42;3,42;
08.07.2026;17:45;18:00;3,6;3,6;
08.07.2026;18:00;18:15;2,75;2,75;
08.07.2026;18:15;18:30;2,6;2,6;
08.07.2026;18:30;18:45;2,75;2,75;
08.07.2026;18:45;19:00;2,48;2,48;
08.07.2026;19:00;19:15;2,15;2,15;
08.07.2026;19:15;19:30;1,9;1,9;
08.07.2026;19:30;19:45;1,55;1,55;
08.07.2026;19:45;20:00;1,16;1,16;
08.07.2026;20:00;20:15;0,82;0,82;
08.07.2026;20:15;20:30;0,4;0,4;
08.07.2026;20:30;20:45;0,18;0,18;
08.07.2026;20:45;21:00;0,02;0,02;
08.07.2026;21:00;21:15;0,0;0,0;
08.07.2026;21:15;21:30;0,0;0,0;
08.07.2026;21:30;21:45;0,0;0,0;
08.07.2026;21:45;22:00;0,0;0,0;
08.07.2026;22:00;22:15;0,0;0,0;
08.07.2026;22:15;22:30;0,0;0,0;
08.07.2026;22:30;22:45;0,0;0,0;
08.07.2026;22:45;23:00;0,0;0,0;
08.07.2026;23:00;23:15;0,0;0,0;
08.07.2026;23:15;23:30;0,0;0,0;
08.07.2026;23:30;23:45;0,0;0,0;
08.07.2026;23:45;00:00;0,0;0,0;
09.07.2026;00:00;00:15;0,0;0,0;
09.07.2026;00:15;00:30;0,0;0,0;
09.07.2026;00:30;00:45;0,0;0,0;
09.07.2026;00:45;01:00;0,0;0,0;
09.07.2026;01:00;01:15;0,0;0,0;
09.07.2026;01:15;01:30;0,0;0,0;
09.07.2026;01:30;01:45;0,0;0,0;
09.07.2026;01:45;02:00;0,0;0,0;
09.07.2026;02:00;02:15;0,0;0,0;
09.07.2026;02:15;02:30;0,0;0,0;
09.07.2026;02:30;02:45;0,0;0,0;
09.07.2026;02:45;03:00;0,0;0,0;
09.07.2026;03:00;03:15;0,0;0,0;
09.07.2026;03:15;03:30;0,0;0,0;
09.07.2026;03:30;03:45;0,0;0,0;
09.07.2026;03:45;04:00;0,0;0,0;
09.07.2026;04:00;04:15;0,0;0,0;
09.07.2026;04:15;04:30;0,0;0,0;
09.07.2026;04:30;04:45;0,0;0,0;
09.07.2026;04:45;05:00;0,0;0,0;
09.07.2026;05:00;05:15;0,1;0,1;
09.07.2026;05:15;05:30;0,25;0,25;
09.07.2026;05:30;05:45;0,2;0,2;
09.07.2026;05:45;06:00;0,1;0,1;
09.07.2026;06:00;06:15;0,0;0,0;
09.07.2026;06:15;06:30;0,0;0,0;
09.07.2026;06:30;06:45;0,0;0,0;
09.07.2026;06:45;07:00;0,0;0,0;
09.07.2026;07:00;07:15;0,0;0,0;
09.07.2026;07:15;07:30;0,0;0,0;
09.07.2026;07:30;07:45;0,0;0,0;
09.07.2026;07:45;08:00;0,0;0,0;
09.07.2026;08:00;08:15;0,0;0,0;
09.07.2026;08:15;08:30;0,0;0,0;
09.07.2026;08:30;08:45;0,0;0,0;
09.07.2026;08:45;09:00;0,0;0,0;
09.07.2026;09:00;09:15;0,0;0,0;
09.07.2026;09:15;09:30;0,0;0,0;
09.07.2026;09:30;09:45;0,0;0,0;
09.07.2026;09:45;10:00;0,0;0,0;
09.07.2026;10:00;10:15;0,0;0,0;
09.07.2026;10:15;10:30;0,0;0,0;
09.07.2026;10:30;10:45;0,0;0,0;
09.07.2026;10:45;11:00;0,0;0,0;
09.07.2026;11:00;11:15;0,0;0,0;
09.07.2026;11:15;11:30;0,0;0,0;
09.07.2026;11:30;11:45;0,0;0,0;
09.07.2026;11:45;12:00;0,0;0,0;
09.07.2026;12:00;12:15;0,0;0,0;
09.07.2026;12:15;12:30;0,0;0,0;
09.07.2026;12:30;12:45;0,0;0,0;
09.07.2026;12:45;13:00;0,0;0,0;
09.07.2026;13:00;13:15;0,0;0,0;
09.07.2026;13:15;13:30;0,0;0,0;
09.07.2026;13:30;13:45;0,0;0,0;
09.07.2026;13:45;14:00;0,0;0,0;
09.07.2026;14:00;14:15;0,0;0,0;
09.07.2026;14:15;14:30;0,0;0,0;
09.07.2026;14:30;14:45;0,0;0,0;
09.07.2026;14:45;15:00;0,0;0,0;
09.07.2026;15:00;15:15;0,5;0,5;
09.07.2026;15:15;15:30;1,81;1,81;
09.07.2026;15:30;15:45;2,68;2,68;
09.07.2026;15:45;16:00;3,72;3,72;
09.07.2026;16:00;16:15;4,01;4,01;
09.07.2026;16:15;16:30;3,82;3,82;
09.07.2026;16:30;16:45;3,85;3,85;
09.07.2026;16:45;17:00;3,24;3,24;
09.07.2026;17:00;17:15;3,11;3,11;
09.07.2026;17:15;17:30;3,61;3,61;
09.07.2026;17:30;17:45;3,48;3,48;
09.07.2026;17:45;18:00;2,76;2,76;
09.07.2026;18:00;18:15;2,49;2,49;
09.07.2026;18:15;18:30;2,57;2,57;
09.07.2026;18:30;18:45;2,18;2,18;
09.07.2026;18:45;19:00;1,73;1,73;
09.07.2026;19:00;19:15;1,61;1,61;
09.07.2026;19:15;19:30;1,67;1,67;
09.07.2026;19:30;19:45;1,39;1,39;
09.07.2026;19:45;20:00;0,94;0,94;
09.07.2026;20:00;20:15;0,68;0,68;
09.07.2026;20:15;20:30;0,35;0,35;
09.07.2026;20:30;20:45;0,14;0,14;
09.07.2026;20:45;21:00;0,01;0,01;
09.07.2026;21:00;21:15;0,0;0,0;
09.07.2026;21:15;21:30;0,0;0,0;
09.07.2026;21:30;21:45;0,0;0,0;
09.07.2026;21:45;22:00;0,0;0,0;
09.07.2026;22:00;22:15;0,0;0,0;
09.07.2026;22:15;22:30;0,0;0,0;
09.07.2026;22:30;22:45;0,0;0,0;
09.07.2026;22:45;23:00;0,0;0,0;
09.07.2026;23:00;23:15;0,0;0,0;
09.07.2026;23:15;23:30;0,0;0,0;
09.07.2026;23:30;23:45;0,0;0,0;
09.07.2026;23:45;00:00;0,0;0,0;
10.07.2026;00:00;00:15;0,0;0,0;
10.07.2026;00:15;00:30;0,0;0,0;
10.07.2026;00:30;00:45;0,0;0,0;
10.07.2026;00:45;01:00;0,0;0,0;
10.07.2026;01:00;01:15;0,0;0,0;
10.07.2026;01:15;01:30;0,0;0,0;
10.07.2026;01:30;01:45;0,0;0,0;
10.07.2026;01:45;02:00;0,0;0,0;
10.07.2026;02:00;02:15;0,0;0,0;
10.07.2026;02:15;02:30;0,0;0,0;
10.07.2026;02:30;02:45;0,0;0,0;
10.07.2026;02:45;03:00;0,0;0,0;
10.07.2026;03:00;03:15;0,0;0,0;
10.07.2026;03:15;03:30;0,0;0,0;
10.07.2026;03:30;03:45;0,0;0,0;
10.07.2026;03:45;04:00;0,0;0,0;
10.07.2026;04:00;04:15;0,0;0,0;
10.07.2026;04:15;04:30;0,0;0,0;
10.07.2026;04:30;04:45;0,0;0,0;
10.07.2026;04:45;05:00;0,0;0,0;
10.07.2026;05:00;05:15;0,11;0,11;
10.07.2026;05:15;05:30;0,23;0,23;
10.07.2026;05:30;05:45;0,28;0,28;
10.07.2026;05:45;06:00;0,12;0,12;
10.07.2026;06:00;06:15;0,0;0,0;
10.07.2026;06:15;06:30;0,0;0,0;
10.07.2026;06:30;06:45;0,0;0,0;
10.07.2026;06:45;07:00;0,0;0,0;
10.07.2026;07:00;07:15;0,0;0,0;
10.07.2026;07:15;07:30;0,0;0,0;
10.07.2026;07:30;07:45;0,0;0,0;
10.07.2026;07:45;08:00;0,0;0,0;
10.07.2026;08:00;08:15;0,0;0,0;
10.07.2026;08:15;08:30;0,0;0,0;
10.07.2026;08:30;08:45;0,0;0,0;
10.07.2026;08:45;09:00;0,0;0,0;
10.07.2026;09:00;09:15;0,0;0,0;
10.07.2026;09:15;09:30;0,0;0,0;
10.07.2026;09:30;09:45;0,0;0,0;
10.07.2026;09:45;10:00;0,0;0,0;
10.07.2026;10:00;10:15;0,0;0,0;
10.07.2026;10:15;10:30;0,0;0,0;
10.07.2026;10:30;10:45;0,0;0,0;
10.07.2026;10:45;11:00;0,0;0,0;
10.07.2026;11:00;11:15;0,0;0,0;
10.07.2026;11:15;11:30;0,0;0,0;
10.07.2026;11:30;11:45;0,0;0,0;
10.07.2026;11:45;12:00;0,0;0,0;
10.07.2026;12:00;12:15;0,0;0,0;
10.07.2026;12:15;12:30;0,0;0,0;
10.07.2026;12:30;12:45;0,0;0,0;
10.07.2026;12:45;13:00;0,0;0,0;
10.07.2026;13:00;13:15;0,0;0,0;
10.07.2026;13:15;13:30;0,0;0,0;
10.07.2026;13:30;13:45;0,0;0,0;
10.07.2026;13:45;14:00;0,0;0,0;
10.07.2026;14:00;14:15;0,0;0,0;
10.07.2026;14:15;14:30;0,0;0,0;
10.07.2026;14:30;14:45;0,0;0,0;
10.07.2026;14:45;15:00;0,0;0,0;
10.07.2026;15:00;15:15;0,58;0,58;
10.07.2026;15:15;15:30;1,78;1,78;
10.07.2026;15:30;15:45;2,49;2,49;
10.07.2026;15:45;16:00;3,52;3,52;
10.07.2026;16:00;16:15;4,64;4,64;
10.07.2026;16:15;16:30;3,65;3,65;
10.07.2026;16:30;16:45;4,13;4,13;
10.07.2026;16:45;17:00;3,54;3,54;
10.07.2026;17:00;17:15;3,53;3,53;
10.07.2026;17:15;17:30;3,24;3,24;
10.07.2026;17:30;17:45;3,11;3,11;
10.07.2026;17:45;18:00;3,25;3,25;
10.07.2026;18:00;18:15;2,66;2,66;
10.07.2026;18:15;18:30;2,66;2,66;
10.07.2026;18:30;18:45;2,36;2,36;
10.07.2026;18:45;19:00;2,25;2,25;
10.07.2026;19:00;19:15;2,15;2,15;
10.07.2026;19:15;19:30;1,78;1,78;
10.07.2026;19:30;19:45;1,29;1,29;
10.07.2026;19:45;20:00;1,0;1,0;
10.07.2026;20:00;20:15;0,74;0,74;
10.07.2026;20:15;20:30;0,42;0,42;
10.07.2026;20:30;20:45;0,13;0,13;
10.07.2026;20:45;21:00;0,02;0,02;
10.07.2026;21:00;21:15;0,0;0,0;
10.07.2026;21:15;21:30;0,0;0,0;
10.07.2026;21:30;21:45;0,0;0,0;
10.07.2026;21:45;22:00;0,0;0,0;
10.07.2026;22:00;22:15;0,0;0,0;
10.07.2026;22:15;22:30;0,0;0,0;
10.07.2026;22:30;22:45;0,0;0,0;
10.07.2026;22:45;23:00;0,0;0,0;
10.07.2026;23:00;23:15;0,0;0,0;
10.07.2026;23:15;23:30;0,0;0,0;
10.07.2026;23:30;23:45;0,0;0,0;
10.07.2026;23:45;00:00;0,0;0,0;
11.07.2026;00:00;00:15;0,0;0,0;
11.07.2026;00:15;00:30;0,0;0,0;
11.07.2026;00:30;00:45;0,0;0,0;
11.07.2026;00:45;01:00;0,0;0,0;
11.07.2026;01:00;01:15;0,0;0,0;
11.07.2026;01:15;01:30;0,0;0,0;
11.07.2026;01:30;01:45;0,0;0,0;
11.07.2026;01:45;02:00;0,0;0,0;
11.07.2026;02:00;02:15;0,0;0,0;
11.07.2026;02:15;02:30;0,0;0,0;
11.07.2026;02:30;02:45;0,0;0,0;
11.07.2026;02:45;03:00;0,0;0,0;
11.07.2026;03:00;03:15;0,0;0,0;
11.07.2026;03:15;03:30;0,0;0,0;
11.07.2026;03:30;03:45;0,0;0,0;
11.07.2026;03:45;04:00;0,0;0,0;
11.07.2026;04:00;04:15;0,0;0,0;
11.07.2026;04:15;04:30;0,0;0,0;
11.07.2026;04:30;04:45;0,0;0,0;
11.07.2026;04:45;05:00;0,0;0,0;
11.07.2026;05:00;05:15;0,08;0,08;
11.07.2026;05:15;05:30;0,17;0,17;
11.07.2026;05:30;05:45;0,13;0,13;
11.07.2026;05:45;06:00;0,08;0,08;
11.07.2026;06:00;06:15;0,0;0,0;
11.07.2026;06:15;06:30;0,0;0,0;
11.07.2026;06:30;06:45;0,0;0,0;
11.07.2026;06:45;07:00;0,0;0,0;
11.07.2026;07:00;07:15;0,0;0,0;
11.07.2026;07:15;07:30;0,0;0,0;
11.07.2026;07:30;07:45;0,0;0,0;
11.07.2026;07:45;08:00;0,0;0,0;
11.07.2026;08:00;08:15;0,0;0,0;
11.07.2026;08:15;08:30;0,0;0,0;
11.07.2026;08:30;08:45;0,0;0,0;
11.07.2026;08:45;09:00;0,0;0,0;
11.07.2026;09:00;09:15;0,0;0,0;
11.07.2026;09:15;09:30;0,0;0,0;
11.07.2026;09:30;09:45;0,0;0,0;
11.07.2026;09:45;10:00;0,0;0,0;
11.07.2026;10:00;10:15;0,0;0,0;
11.07.2026;10:15;10:30;0,0;0,0;
11.07.2026;10:30;10:45;0,0;0,0;
11.07.2026;10:45;11:00;0,0;0,0;
11.07.2026;11:00;11:15;0,41;0,41;
11.07.2026;11:15;11:30;1,14;1,14;
11.07.2026;11:30;11:45;2,15;2,15;
11.07.2026;11:45;12:00;2,49;2,49;
11.07.2026;12:00;12:15;3,12;3,12;
11.07.2026;12:15;12:30;3,37;3,37;
11.07.2026;12:30;12:45;3,63;3,63;
11.07.2026;12:45;13:00;3,17;3,17;
11.07.2026;13:00;13:15;3,48;3,48;
11.07.2026;13:15;13:30;3,73;3,73;
11.07.2026;13:30;13:45;3,44;3,44;
11.07.2026;13:45;14:00;3,04;3,04;
11.07.2026;14:00;14:15;2,8;2,8;
11.07.2026;14:15;14:30;3,59;3,59;
11.07.2026;14:30;14:45;2,73;2,73;
11.07.2026;14:45;15:00;3,48;3,48;
11.07.2026;15:00;15:15;3,09;3,09;
11.07.2026;15:15;15:30;3,39;3,39;
11.07.2026;15:30;15:45;3,18;3,18;
11.07.2026;15:45;16:00;3,25;3,25;
11.07.2026;16:00;16:15;2,62;2,62;
11.07.2026;16:15;16:30;2,85;2,85;
11.07.2026;16:30;16:45;2,46;2,46;
11.07.2026;16:45;17:00;2,41;2,41;
11.07.2026;17:00;17:15;2,4;2,4;
11.07.2026;17:15;17:30;2,43;2,43;
11.07.2026;17:30;17:45;2,36;2,36;
11.07.2026;17:45;18:00;2,09;2,09;
11.07.2026;18:00;18:15;1,75;1,75;
11.07.2026;18:15;18:30;1,61;1,61;
11.07.2026;18:30;18:45;1,61;1,61;
11.07.2026;18:45;19:00;1,25;1,25;
11.07.2026;19:00;19:15;1,07;1,07;
11.07.2026;19:15;19:30;1,01;1,01;
11.07.2026;19:30;19:45;0,84;0,84;
11.07.2026;19:45;20:00;0,69;0,69;
11.07.2026;20:00;20:15;0,46;0,46;
11.07.2026;20:15;20:30;0,22;0,22;
11.07.2026;20:30;20:45;0,08;0,08;
11.07.2026;20:45;21:00;0,01;0,01;
11.07.2026;21:00;21:15;0,0;0,0;
11.07.2026;21:15;21:30;0,0;0,0;
11.07.2026;21:30;21:45;0,0;0,0;
11.07.2026;21:45;22:00;0,0;0,0;
11.07.2026;22:00;22:15;0,0;0,0;
11.07.2026;22:15;22:30;0,0;0,0;
11.07.2026;22:30;22:45;0,0;0,0;
11.07.2026;22:45;23:00;0,0;0,0;
11.07.2026;23:00;23:15;0,0;0,0;
11.07.2026;23:15;23:30;0,0;0,0;
11.07.2026;23:30;23:45;0,0;0,0;
11.07.2026;23:45;00:00;0,0;0,0;
12.07.2026;00:00;00:15;0,0;0,0;
12.07.2026;00:15;00:30;0,0;0,0;
12.07.2026;00:30;00:45;0,0;0,0;
12.07.2026;00:45;01:00;0,0;0,0;
12.07.2026;01:00;01:15;0,0;0,0;
12.07.2026;01:15;01:30;0,0;0,0;
12.07.2026;01:30;01:45;0,0;0,0;
12.07.2026;01:45;02:00;0,0;0,0;
12.07.2026;02:00;02:15;0,0;0,0;
12.07.2026;02:15;02:30;0,0;0,0;
12.07.2026;02:30;02:45;0,0;0,0;
12.07.2026;02:45;03:00;0,0;0,0;
12.07.2026;03:00;03:15;0,0;0,0;
12.07.2026;03:15;03:30;0,0;0,0;
12.07.2026;03:30;03:45;0,0;0,0;
12.07.2026;03:45;04:00;0,0;0,0;
12.07.2026;04:00;04:15;0,0;0,0;
12.07.2026;04:15;04:30;0,0;0,0;
12.07.2026;04:30;04:45;0,0;0,0;
12.07.2026;04:45;05:00;0,0;0,0;
12.07.2026;05:00;05:15;0,16;0,16;
12.07.2026;05:15;05:30;0,47;0,47;
12.07.2026;05:30;05:45;0,66;0,66;
12.07.2026;05:45;06:00;1,13;1,13;
12.07.2026;06:00;06:15;1,21;1,21;
12.07.2026;06:15;06:30;1,48;1,48;
12.07.2026;06:30;06:45;1,91;1,91;
12.07.2026;06:45;07:00;2,23;2,23;
12.07.2026;07:00;07:15;2,5;2,5;
12.07.2026;07:15;07:30;2,38;2,38;
12.07.2026;07:30;07:45;3,31;3,31;
12.07.2026;07:45;08:00;3,0;3,0;
12.07.2026;08:00;08:15;3,09;3,09;
12.07.2026;08:15;08:30;4,14;4,14;
12.07.2026;08:30;08:45;4,48;4,48;
12.07.2026;08:45;09:00;4,61;4,61;
12.07.2026;09:00;09:15;4,77;4,77;
12.07.2026;09:15;09:30;4,78;4,78;
12.07.2026;09:30;09:45;4,83;4,83;
12.07.2026;09:45;10:00;4,32;4,32;
12.07.2026;10:00;10:15;4,96;4,96;
12.07.2026;10:15;10:30;5,05;5,05;
12.07.2026;10:30;10:45;5,0;5,0;
12.07.2026;10:45;11:00;5,88;5,88;
12.07.2026;11:00;11:15;5,62;5,62;
12.07.2026;11:15;11:30;5,01;5,01;
12.07.2026;11:30;11:45;5,32;5,32;
12.07.2026;11:45;12:00;6,21;6,21;
12.07.2026;12:00;12:15;5,19;5,19;
12.07.2026;12:15;12:30;6,62;6,62;
12.07.2026;12:30;12:45;6,01;6,01;
12.07.2026;12:45;13:00;5,99;5,99;
12.07.2026;13:00;13:15;6,2;6,2;
12.07.2026;13:15;13:30;6,6;6,6;
12.07.2026;13:30;13:45;5,71;5,71;
12.07.2026;13:45;14:00;6,26;6,26;
12.07.2026;14:00;14:15;6,0;6,0;
12.07.2026;14:15;14:30;5,41;5,41;
12.07.2026;14:30;14:45;6,38;6,38;
12.07.2026;14:45;15:00;6,13;6,13;
12.07.2026;15:00;15:15;5,78;5,78;
12.07.2026;15:15;15:30;5,95;5,95;
12.07.2026;15:30;15:45;5,83;5,83;
12.07.2026;15:45;16:00;5,41;5,41;
12.07.2026;16:00;16:15;5,43;5,43;
12.07.2026;16:15;16:30;5,04;5,04;
12.07.2026;16:30;16:45;4,81;4,81;
12.07.2026;16:45;17:00;4,52;4,52;
12.07.2026;17:00;17:15;4,47;4,47;
12.07.2026;17:15;17:30;3,54;3,54;
12.07.2026;17:30;17:45;4,13;4,13;
12.07.2026;17:45;18:00;3,86;3,86;
12.07.2026;18:00;18:15;2,77;2,77;
12.07.2026;18:15;18:30;3,26;3,26;
12.07.2026;18:30;18:45;2,41;2,41;
12.07.2026;18:45;19:00;2,32;2,32;
12.07.2026;19:00;19:15;2,33;2,33;
12.07.2026;19:15;19:30;1,7;1,7;
12.07.2026;19:30;19:45;1,76;1,76;
12.07.2026;19:45;20:00;1,45;1,45;
12.07.2026;20:00;20:15;0,9;0,9;
12.07.2026;20:15;20:30;0,39;0,39;
12.07.2026;20:30;20:45;0,16;0,16;
12.07.2026;20:45;21:00;0,02;0,02;
12.07.2026;21:00;21:15;0,0;0,0;
12.07.2026;21:15;21:30;0,0;0,0;
12.07.2026;21:30;21:45;0,0;0,0;
12.07.2026;21:45;22:00;0,0;0,0;
12.07.2026;22:00;22:15;0,0;0,0;
12.07.2026;22:15;22:30;0,0;0,0;
12.07.2026;22:30;22:45;0,0;0,0;
12.07.2026;22:45;23:00;0,0;0,0;
12.07.2026;23:00;23:15;0,0;0,0;
12.07.2026;23:15;23:30;0,0;0,0;
12.07.2026;23:30;23:45;0,0;0,0;
12.07.2026;23:45;00:00;0,0;0,0;
13.07.2026;00:00;00:15;0,0;0,0;
13.07.2026;00:15;00:30;0,0;0,0;
13.07.2026;00:30;00:45;0,0;0,0;
13.07.2026;00:45;01:00;0,0;0,0;
13.07.2026;01:00;01:15;0,0;0,0;
13.07.2026;01:15;01:30;0,0;0,0;
13.07.2026;01:30;01:45;0,0;0,0;
13.07.2026;01:45;02:00;0,0;0,0;
13.07.2026;02:00;02:15;0,0;0,0;
13.07.2026;02:15;02:30;0,0;0,0;
13.07.2026;02:30;02:45;0,0;0,0;
13.07.2026;02:45;03:00;0,0;0,0;
13.07.2026;03:00;03:15;0,0;0,0;
13.07.2026;03:15;03:30;0,0;0,0;
13.07.2026;03:30;03:45;0,0;0,0;
13.07.2026;03:45;04:00;0,0;0,0;
13.07.2026;04:00;04:15;0,0;0,0;
13.07.2026;04:15;04:30;0,0;0,0;
13.07.2026;04:30;04:45;0,0;0,0;
13.07.2026;04:45;05:00;0,0;0,0;
13.07.2026;05:00;05:15;0,11;0,11;
13.07.2026;05:15;05:30;0,26;0,26;
13.07.2026;05:30;05:45;0,28;0,28;
13.07.2026;05:45;06:00;0,13;0,13;
13.07.2026;06:00;06:15;0,0;0,0;
13.07.2026;06:15;06:30;0,0;0,0;
13.07.2026;06:30;06:45;0,0;0,0;
13.07.2026;06:45;07:00;0,0;0,0;
13.07.2026;07:00;07:15;0,0;0,0;
13.07.2026;07:15;07:30;0,0;0,0;
13.07.2026;07:30;07:45;0,0;0,0;
13.07.2026;07:45;08:00;0,0;0,0;
13.07.2026;08:00;08:15;0,0;0,0;
13.07.2026;08:15;08:30;0,0;0,0;
13.07.2026;08:30;08:45;0,0;0,0;
13.07.2026;08:45;09:00;0,0;0,0;
13.07.2026;09:00;09:15;0,0;0,0;
13.07.2026;09:15;09:30;0,0;0,0;
13.07.2026;09:30;09:45;0,0;0,0;
13.07.2026;09:45;10:00;0,0;0,0;
13.07.2026;10:00;10:15;0,0;0,0;
13.07.2026;10:15;10:30;0,0;0,0;
13.07.2026;10:30;10:45;0,0;0,0;
13.07.2026;10:45;11:00;0,0;0,0;
13.07.2026;11:00;11:15;0,0;0,0;
13.07.2026;11:15;11:30;0,0;0,0;
13.07.2026;11:30;11:45;0,0;0,0;
13.07.2026;11:45;12:00;0,0;0,0;
13.07.2026;12:00;12:15;0,0;0,0;
13.07.2026;12:15;12:30;0,0;0,0;
13.07.2026;12:30;12:45;0,0;0,0;
13.07.2026;12:45;13:00;0,0;0,0;
13.07.2026;13:00;13:15;0,0;0,0;
13.07.2026;13:15;13:30;0,0;0,0;
13.07.2026;13:30;13:45;0,0;0,0;
13.07.2026;13:45;14:00;0,0;0,0;
13.07.2026;14:00;14:15;0,0;0,0;
13.07.2026;14:15;14:30;0,0;0,0;
13.07.2026;14:30;14:45;0,0;0,0;
13.07.2026;14:45;15:00;0,0;0,0;
13.07.2026;15:00;15:15;0,71;0,71;
13.07.2026;15:15;15:30;2,04;2,04;
13.07.2026;15:30;15:45;3,18;3,18;
13.07.2026;15:45;16:00;3,71;3,71;
13.07.2026;16:00;16:15;3,97;3,97;
13.07.2026;16:15;16:30;5,01;5,01;
13.07.2026;16:30;16:45;4,42;4,42;
13.07.2026;16:45;17:00;4,45;4,45;
13.07.2026;17:00;17:15;3,87;3,87;
13.07.2026;17:15;17:30;3,26;3,26;
13.07.2026;17:30;17:45;3,08;3,08;
13.07.2026;17:45;18:00;3,43;3,43;
13.07.2026;18:00;18:15;2,96;2,96;
13.07.2026;18:15;18:30;2,53;2,53;
13.07.2026;18:30;18:45;2,53;2,53;
13.07.2026;18:45;19:00;1,99;1,99;
13.07.2026;19:00;19:15;2,08;2,08;
13.07.2026;19:15;19:30;1,65;1,65;
13.07.2026;19:30;19:45;1,64;1,64;
13.07.2026;19:45;20:00;1,17;1,17;
13.07.2026;20:00;20:15;0,83;0,83;
13.07.2026;20:15;20:30;0,37;0,37;
13.07.2026;20:30;20:45;0,14;0,14;
13.07.2026;20:45;21:00;0,02;0,02;
13.07.2026;21:00;21:15;0,0;0,0;
13.07.2026;21:15;21:30;0,0;0,0;
13.07.2026;21:30;21:45;0,0;0,0;
13.07.2026;21:45;22:00;0,0;0,0;
13.07.2026;22:00;22:15;0,0;0,0;
13.07.2026;22:15;22:30;0,0;0,0;
13.07.2026;22:30;22:45;0,0;0,0;
13.07.2026;22:45;23:00;0,0;0,0;
13.07.2026;23:00;23:15;0,0;0,0;
13.07.2026;23:15;23:30;0,0;0,0;
13.07.2026;23:30;23:45;0,0;0,0;
13.07.2026;23:45;00:00;0,0;0,0;
14.07.2026;00:00;00:15;0,0;0,0;
14.07.2026;00:15;00:30;0,0;0,0;
14.07.2026;00:30;00:45;0,0;0,0;
14.07.2026;00:45;01:00;0,0;0,0;
14.07.2026;01:00;01:15;0,0;0,0;
14.07.2026;01:15;01:30;0,0;0,0;
14.07.2026;01:30;01:45;0,0;0,0;
14.07.2026;01:45;02:00;0,0;0,0;
14.07.2026;02:00;02:15;0,0;0,0;
14.07.2026;02:15;02:30;0,0;0,0;
14.07.2026;02:30;02:45;0,0;0,0;
14.07.2026;02:45;03:00;0,0;0,0;
14.07.2026;03:00;03:15;0,0;0,0;
14.07.2026;03:15;03:30;0,0;0,0;
14.07.2026;03:30;03:45;0,0;0,0;
14.07.2026;03:45;04:00;0,0;0,0;
14.07.2026;04:00;04:15;0,0;0,0;
14.07.2026;04:15;04:30;0,0;0,0;
14.07.2026;04:30;04:45;0,0;0,0;
14.07.2026;04:45;05:00;0,0;0,0;
14.07.2026;05:00;05:15;0,09;0,09;
14.07.2026;05:15;05:30;0,15;0,15;
14.07.2026;05:30;05:45;0,2;0,2;
14.07.2026;05:45;06:00;0,07;0,07;
14.07.2026;06:00;06:15;0,0;0,0;
14.07.2026;06:15;06:30;0,0;0,0;
14.07.2026;06:30;06:45;0,0;0,0;
14.07.2026;06:45;07:00;0,0;0,0;
14.07.2026;07:00;07:15;0,0;0,0;
14.07.2026;07:15;07:30;0,0;0,0;
14.07.2026;07:30;07:45;0,0;0,0;
14.07.2026;07:45;08:00;0,0;0,0;
14.07.2026;08:00;08:15;0,0;0,0;
14.07.2026;08:15;08:30;0,0;0,0;
14.07.2026;08:30;08:45;0,0;0,0;
14.07.2026;08:45;09:00;0,0;0,0;
14.07.2026;09:00;09:15;0,0;0,0;
14.07.2026;09:15;09:30;0,0;0,0;
14.07.2026;09:30;09:45;0,0;0,0;
14.07.2026;09:45;10:00;0,0;0,0;
14.07.2026;10:00;10:15;0,0;0,0;
14.07.2026;10:15;10:30;0,0;0,0;
14.07.2026;10:30;10:45;0,0;0,0;
14.07.2026;10:45;11:00;0,0;0,0;
14.07.2026;11:00;11:15;0,0;0,0;
14.07.2026;11:15;11:30;0,0;0,0;
14.07.2026;11:30;11:45;0,0;0,0;
14.07.2026;11:45;12:00;0,0;0,0;
14.07.2026;12:00;12:15;0,0;0,0;
14.07.2026;12:15;12:30;0,0;0,0;
14.07.2026;12:30;12:45;0,0;0,0;
14.07.2026;12:45;13:00;0,0;0,0;
14.07.2026;13:00;13:15;0,0;0,0;
14.07.2026;13:15;13:30;0,0;0,0;
14.07.2026;13:30;13:45;0,0;0,0;
14.07.2026;13:45;14:00;0,0;0,0;
14.07.2026;14:00;14:15;0,0;0,0;
14.07.2026;14:15;14:30;0,0;0,0;
14.07.2026;14:30;14:45;0,0;0,0;
14.07.2026;14:45;15:00;0,0;0,0;
14.07.2026;15:00;15:15;0,38;0,38;
14.07.2026;15:15;15:30;1,21;1,21;
14.07.2026;15:30;15:45;2,09;2,09;
14.07.2026;15:45;16:00;3,2;3,2;
14.07.2026;16:00;16:15;3,4;3,4;
14.07.2026;16:15;16:30;3,29;3,29;
14.07.2026;16:30;16:45;2,88;2,88;
14.07.2026;16:45;17:00;2,69;2,69;
14.07.2026;17:00;17:15;2,58;2,58;
14.07.2026;17:15;17:30;2,91;2,91;
14.07.2026;17:30;17:45;2,06;2,06;
14.07.2026;17:45;18:00;2,49;2,49;
14.07.2026;18:00;18:15;2,13;2,13;
14.07.2026;18:15;18:30;1,88;1,88;
14.07.2026;18:30;18:45;1,87;1,87;
14.07.2026;18:45;19:00;1,57;1,57;
14.07.2026;19:00;19:15;1,56;1,56;
14.07.2026;19:15;19:30;1,37;1,37;
14.07.2026;19:30;19:45;1,01;1,01;
14.07.2026;19:45;20:00;0,8;0,8;
14.07.2026;20:00;20:15;0,6;0,6;
14.07.2026;20:15;20:30;0,33;0,33;
14.07.2026;20:30;20:45;0,1;0,1;
14.07.2026;20:45;21:00;0,01;0,01;
14.07.2026;21:00;21:15;0,0;0,0;
14.07.2026;21:15;21:30;0,0;0,0;
14.07.2026;21:30;21:45;0,0;0,0;
14.07.2026;21:45;22:00;0,0;0,0;
14.07.2026;22:00;22:15;0,0;0,0;
14.07.2026;22:15;22:30;0,0;0,0;
14.07.2026;22:30;22:45;0,0;0,0;
14.07.2026;22:45;23:00;0,0;0,0;
14.07.2026;23:00;23:15;0,0;0,0;
14.07.2026;23:15;23:30;0,0;0,0;
14.07.2026;23:30;23:45;0,0;0,0;
14.07.2026;23:45;00:00;0,0;0,0;
15.07.2026;00:00;00:15;0,0;0,0;
15.07.2026;00:15;00:30;0,0;0,0;
15.07.2026;00:30;00:45;0,0;0,0;
15.07.2026;00:45;01:00;0,0;0,0;
15.07.2026;01:00;01:15;0,0;0,0;
15.07.2026;01:15;01:30;0,0;0,0;
15.07.2026;01:30;01:45;0,0;0,0;
15.07.2026;01:45;02:00;0,0;0,0;
15.07.2026;02:00;02:15;0,0;0,0;
15.07.2026;02:15;02:30;0,0;0,0;
15.07.2026;02:30;02:45;0,0;0,0;
15.07.2026;02:45;03:00;0,0;0,0;
15.07.2026;03:00;03:15;0,0;0,0;
15.07.2026;03:15;03:30;0,0;0,0;
15.07.2026;03:30;03:45;0,0;0,0;
15.07.2026;03:45;04:00;0,0;0,0;
15.07.2026;04:00;04:15;0,0;0,0;
15.07.2026;04:15;04:30;0,0;0,0;
15.07.2026;04:30;04:45;0,0;0,0;
15.07.2026;04:45;05:00;0,0;0,0;
15.07.2026;05:00;05:15;0,09;0,09;
15.07.2026;05:15;05:30;0,17;0,17;
15.07.2026;05:30;05:45;0,16;0,16;
15.07.2026;05:45;06:00;0,08;0,08;
15.07.2026;06:00;06:15;0,0;0,0;
15.07.2026;06:15;06:30;0,0;0,0;
15.07.2026;06:30;06:45;0,0;0,0;
15.07.2026;06:45;07:00;0,0;0,0;
15.07.2026;07:00;07:15;0,0;0,0;
15.07.2026;07:15;07:30;0,0;0,0;
15.07.2026;07:30;07:45;0,0;0,0;
15.07.2026;07:45;08:00;0,0;0,0;
15.07.2026;08:00;08:15;0,0;0,0;
15.07.2026;08:15;08:30;0,0;0,0;
15.07.2026;08:30;08:45;0,0;0,0;
15.07.2026;08:45;09:00;0,0;0,0;
15.07.2026;09:00;09:15;0,0;0,0;
15.07.2026;09:15;09:30;0,0;0,0;
15.07.2026;09:30;09:45;0,0;0,0;
15.07.2026;09:45;10:00;0,0;0,0;
15.07.2026;10:00;10:15;0,0;0,0;
15.07.2026;10:15;10:30;0,0;0,0;
15.07.2026;10:30;10:45;0,0;0,0;
15.07.2026;10:45;11:00;0,0;0,0;
15.07.2026;11:00;11:15;0,0;0,0;
15.07.2026;11:15;11:30;0,0;0,0;
15.07.2026;11:30;11:45;0,0;0,0;
15.07.2026;11:45;12:00;0,0;0,0;
15.07.2026;12:00;12:15;0,0;0,0;
15.07.2026;12:15;12:30;0,0;0,0;
15.07.2026;12:30;12:45;0,0;0,0;
15.07.2026;12:45;13:00;0,0;0,0;
15.07.2026;13:00;13:15;0,0;0,0;
15.07.2026;13:15;13:30;0,0;0,0;
15.07.2026;13:30;13:45;0,0;0,0;
15.07.2026;13:45;14:00;0,0;0,0;
15.07.2026;14:00;14:15;0,0;0,0;
15.07.2026;14:15;14:30;0,0;0,0;
15.07.2026;14:30;14:45;0,0;0,0;
15.07.2026;14:45;15:00;0,0;0,0;
15.07.2026;15:00;15:15;0,37;0,37;
15.07.2026;15:15;15:30;1,2;1,2;
15.07.2026;15:30;15:45;2,2;2,2;
15.07.2026;15:45;16:00;2,56;2,56;
15.07.2026;16:00;16:15;3,27;3,27;
15.07.2026;16:15;16:30;3,42;3,42;
15.07.2026;16:30;16:45;2,53;2,53;
15.07.2026;16:45;17:00;2,9;2,9;
15.07.2026;17:00;17:15;2,58;2,58;
15.07.2026;17:15;17:30;2,76;2,76;
15.07.2026;17:30;17:45;2,12;2,12;
15.07.2026;17:45;18:00;2,32;2,32;
15.07.2026;18:00;18:15;2,24;2,24;
15.07.2026;18:15;18:30;2,13;2,13;
15.07.2026;18:30;18:45;1,81;1,81;
15.07.2026;18:45;19:00;1,54;1,54;
15.07.2026;19:00;19:15;1,42;1,42;
15.07.2026;19:15;19:30;1,33;1,33;
15.07.2026;19:30;19:45;1,04;1,04;
15.07.2026;19:45;20:00;0,72;0,72;
15.07.2026;20:00;20:15;0,64;0,64;
15.07.2026;20:15;20:30;0,31;0,31;
15.07.2026;20:30;20:45;0,11;0,11;
15.07.2026;20:45;21:00;0,01;0,01;
15.07.2026;21:00;21:15;0,0;0,0;
15.07.2026;21:15;21:30;0,0;0,0;
15.07.2026;21:30;21:45;0,0;0,0;
15.07.2026;21:45;22:00;0,0;0,0;
15.07.2026;22:00;22:15;0,0;0,0;
15.07.2026;22:15;22:30;0,0;0,0;
15.07.2026;22:30;22:45;0,0;0,0;
15.07.2026;22:45;23:00;0,0;0,0;
15.07.2026;23:00;23:15;0,0;0,0;
15.07.2026;23:15;23:30;0,0;0,0;
15.07.2026;23:30;23:45;0,0;0,0;
15.07.2026;23:45;00:00;0,0;0,0;
16.07.2026;00:00;00:15;0,0;0,0;
16.07.2026;00:15;00:30;0,0;0,0;
16.07.2026;00:30;00:45;0,0;0,0;
16.07.2026;00:45;01:00;0,0;0,0;
16.07.2026;01:00;01:15;0,0;0,0;
16.07.2026;01:15;01:30;0,0;0,0;
16.07.2026;01:30;01:45;0,0;0,0;
16.07.2026;01:45;02:00;0,0;0,0;
16.07.2026;02:00;02:15;0,0;0,0;
16.07.2026;02:15;02:30;0,0;0,0;
16.07.2026;02:30;02:45;0,0;0,0;
16.07.2026;02:45;03:00;0,0;0,0;
16.07.2026;03:00;03:15;0,0;0,0;
16.07.2026;03:15;03:30;0,0;0,0;
16.07.2026;03:30;03:45;0,0;0,0;
16.07.2026;03:45;04:00;0,0;0,0;
16.07.2026;04:00;04:15;0,0;0,0;
16.07.2026;04:15;04:30;0,0;0,0;
16.07.2026;04:30;04:45;0,0;0,0;
16.07.2026;04:45;05:00;0,0;0,0;
16.07.2026;05:00;05:15;0,08;0,08;
16.07.2026;05:15;05:30;0,16;0,16;
16.07.2026;05:30;05:45;0,15;0,15;
16.07.2026;05:45;06:00;0,08;0,08;
16.07.2026;06:00;06:15;0,0;0,0;
16.07.2026;06:15;06:30;0,0;0,0;
16.07.2026;06:30;06:45;0,0;0,0;
16.07.2026;06:45;07:00;0,0;0,0;
16.07.2026;07:00;07:15;0,0;0,0;
16.07.2026;07:15;07:30;0,0;0,0;
16.07.2026;07:30;07:45;0,0;0,0;
16.07.2026;07:45;08:00;0,0;0,0;
16.07.2026;08:00;08:15;0,0;0,0;
16.07.2026;08:15;08:30;0,0;0,0;
16.07.2026;08:30;08:45;0,0;0,0;
16.07.2026;08:45;09:00;0,0;0,0;
16.07.2026;09:00;09:15;0,0;0,0;
16.07.2026;09:15;09:30;0,0;0,0;
16.07.2026;09:30;09:45;0,0;0,0;
16.07.2026;09:45;10:00;0,0;0,0;
16.07.2026;10:00;10:15;0,0;0,0;
16.07.2026;10:15;10:30;0,0;0,0;
16.07.2026;10:30;10:45;0,0;0,0;
16.07.2026;10:45;11:00;0,0;0,0;
16.07.2026;11:00;11:15;0,0;0,0;
16.07.2026;11:15;11:30;0,0;0,0;
16.07.2026;11:30;11:45;0,0;0,0;
16.07.2026;11:45;12:00;0,0;0,0;
16.07.2026;12:00;12:15;0,0;0,0;
16.07.2026;12:15;12:30;0,0;0,0;
16.07.2026;12:30;12:45;0,0;0,0;
16.07.2026;12:45;13:00;0,0;0,0;
16.07.2026;13:00;13:15;0,0;0,0;
16.07.2026;13:15;13:30;0,0;0,0;
16.07.2026;13:30;13:45;0,0;0,0;
16.07.2026;13:45;14:00;0,0;0,0;
16.07.2026;14:00;14:15;0,0;0,0;
16.07.2026;14:15;14:30;0,0;0,0;
16.07.2026;14:30;14:45;0,0;0,0;
16.07.2026;14:45;15:00;0,0;0,0;
16.07.2026;15:00;15:15;0,45;0,45;
16.07.2026;15:15;15:30;1,36;1,36;
16.07.2026;15:30;15:45;1,93;1,93;
16.07.2026;15:45;16:00;2,74;2,74;
16.07.2026;16:00;16:15;2,76;2,76;
16.07.2026;16:15;16:30;2,72;2,72;
16.07.2026;16:30;16:45;3,04;3,04;
16.07.2026;16:45;17:00;2,5;2,5;
16.07.2026;17:00;17:15;2,65;2,65;
16.07.2026;17:15;17:30;2,65;2,65;
16.07.2026;17:30;17:45;2,07;2,07;
16.07.2026;17:45;18:00;2,24;2,24;
16.07.2026;18:00;18:15;1,89;1,89;
16.07.2026;18:15;18:30;2,14;2,14;
16.07.2026;18:30;18:45;1,7;1,7;
16.07.2026;18:45;19:00;1,69;1,69;
16.07.2026;19:00;19:15;1,39;1,39;
16.07.2026;19:15;19:30;1,03;1,03;
16.07.2026;19:30;19:45;1,06;1,06;
16.07.2026;19:45;20:00;0,95;0,95;
16.07.2026;20:00;20:15;0,59;0,59;
16.07.2026;20:15;20:30;0,32;0,32;
16.07.2026;20:30;20:45;0,12;0,12;
16.07.2026;20:45;21:00;0,01;0,01;
16.07.2026;21:00;21:15;0,0;0,0;
16.07.2026;21:15;21:30;0,0;0,0;
16.07.2026;21:30;21:45;0,0;0,0;
16.07.2026;21:45;22:00;0,0;0,0;
16.07.2026;22:00;22:15;0,0;0,0;
16.07.2026;22:15;22:30;0,0;0,0;
16.07.2026;22:30;22:45;0,0;0,0;
16.07.2026;22:45;23:00;0,0;0,0;
16.07.2026;23:00;23:15;0,0;0,0;
16.07.2026;23:15;23:30;0,0;0,0;
16.07.2026;23:30;23:45;0,0;0,0;
16.07.2026;23:45;00:00;0,0;0,0;
17.07.2026;00:00;00:15;0,0;0,0;
17.07.2026;00:15;00:30;0,0;0,0;
17.07.2026;00:30;00:45;0,0;0,0;
17.07.2026;00:45;01:00;0,0;0,0;
17.07.2026;01:00;01:15;0,0;0,0;
17.07.2026;01:15;01:30;0,0;0,0;
17.07.2026;01:30;01:45;0,0;0,0;
17.07.2026;01:45;02:00;0,0;0,0;
17.07.2026;02:00;02:15;0,0;0,0;
17.07.2026;02:15;02:30;0,0;0,0;
17.07.2026;02:30;02:45;0,0;0,0;
17.07.2026;02:45;03:00;0,0;0,0;
17.07.2026;03:00;03:15;0,0;0,0;
17.07.2026;03:15;03:30;0,0;0,0;
17.07.2026;03:30;03:45;0,0;0,0;
17.07.2026;03:45;04:00;0,0;0,0;
17.07.2026;04:00;04:15;0,0;0,0;
17.07.2026;04:15;04:30;0,0;0,0;
17.07.2026;04:30;04:45;0,0;0,0;
17.07.2026;04:45;05:00;0,0;0,0;
17.07.2026;05:00;05:15;0,09;0,09;
17.07.2026;05:15;05:30;0,19;0,19;
17.07.2026;05:30;05:45;0,2;0,2;
17.07.2026;05:45;06:00;0,09;0,09;
17.07.2026;06:00;06:15;0,0;0,0;
17.07.2026;06:15;06:30;0,0;0,0;
17.07.2026;06:30;06:45;0,0;0,0;
17.07.2026;06:45;07:00;0,0;0,0;
17.07.2026;07:00;07:15;0,0;0,0;
17.07.2026;07:15;07:30;0,0;0,0;
17.07.2026;07:30;07:45;0,0;0,0;
17.07.2026;07:45;08:00;0,0;0,0;
17.07.2026;08:00;08:15;0,0;0,0;
17.07.2026;08:15;08:30;0,0;0,0;
17.07.2026;08:30;08:45;0,0;0,0;
17.07.2026;08:45;09:00;0,0;0,0;
17.07.2026;09:00;09:15;0,0;0,0;
17.07.2026;09:15;09:30;0,0;0,0;
17.07.2026;09:30;09:45;0,0;0,0;
17.07.2026;09:45;10:00;0,0;0,0;
17.07.2026;10:00;10:15;0,0;0,0;
17.07.2026;10:15;10:30;0,0;0,0;
17.07.2026;10:30;10:45;0,0;0,0;
17.07.2026;10:45;11:00;0,0;0,0;
17.07.2026;11:00;11:15;0,0;0,0;
17.07.2026;11:15;11:30;0,0;0,0;
17.07.2026;11:30;11:45;0,0;0,0;
17.07.2026;11:45;12:00;0,0;0,0;
17.07.2026;12:00;12:15;0,0;0,0;
17.07.2026;12:15;12:30;0,0;0,0;
17.07.2026;12:30;12:45;0,0;0,0;
17.07.2026;12:45;13:00;0,0;0,0;
17.07.2026;13:00;13:15;0,0;0,0;
17.07.2026;13:15;13:30;0,0;0,0;
17.07.2026;13:30;13:45;0,0;0,0;
17.07.2026;13:45;14:00;0,0;0,0;
17.07.2026;14:00;14:15;0,0;0,0;
17.07.2026;14:15;14:30;0,0;0,0;
17.07.2026;14:30;14:45;0,0;0,0;
17.07.2026;14:45;15:00;0,0;0,0;
17.07.2026;15:00;15:15;0,48;0,48;
17.07.2026;15:15;15:30;1,22;1,22;
17.07.2026;15:30;15:45;2,22;2,22;
17.07.2026;15:45;16:00;3,31;3,31;
17.07.2026;16:00;16:15;3,24;3,24;
17.07.2026;16:15;16:30;3,44;3,44;
17.07.2026;16:30;16:45;3,42;3,42;
17.07.2026;16:45;17:00;3,39;3,39;
17.07.2026;17:00;17:15;2,64;2,64;
17.07.2026;17:15;17:30;2,63;2,63;
17.07.2026;17:30;17:45;2,29;2,29;
17.07.2026;17:45;18:00;2,74;2,74;
17.07.2026;18:00;18:15;2,51;2,51;
17.07.2026;18:15;18:30;2,07;2,07;
17.07.2026;18:30;18:45;2,06;2,06;
17.07.2026;18:45;19:00;1,69;1,69;
17.07.2026;19:00;19:15;1,55;1,55;
17.07.2026;19:15;19:30;1,14;1,14;
17.07.2026;19:30;19:45;1,19;1,19;
17.07.2026;19:45;20:00;0,81;0,81;
17.07.2026;20:00;20:15;0,68;0,68;
17.07.2026;20:15;20:30;0,34;0,34;
17.07.2026;20:30;20:45;0,12;0,12;
17.07.2026;20:45;21:00;0,01;0,01;
17.07.2026;21:00;21:15;0,0;0,0;
17.07.2026;21:15;21:30;0,0;0,0;
17.07.2026;21:30;21:45;0,0;0,0;
17.07.2026;21:45;22:00;0,0;0,0;
17.07.2026;22:00;22:15;0,0;0,0;
17.07.2026;22:15;22:30;0,0;0,0;
17.07.2026;22:30;22:45;0,0;0,0;
17.07.2026;22:45;23:00;0,0;0,0;
17.07.2026;23:00;23:15;0,0;0,0;
17.07.2026;23:15;23:30;0,0;0,0;
17.07.2026;23:30;23:45;0,0;0,0;
17.07.2026;23:45;00:00;0,0;0,0;
18.07.2026;00:00;00:15;0,0;0,0;
18.07.2026;00:15;00:30;0,0;0,0;
18.07.2026;00:30;00:45;0,0;0,0;
18.07.2026;00:45;01:00;0,0;0,0;
18.07.2026;01:00;01:15;0,0;0,0;
18.07.2026;01:15;01:30;0,0;0,0;
18.07.2026;01:30;01:45;0,0;0,0;
18.07.2026;01:45;02:00;0,0;0,0;
18.07.2026;02:00;02:15;0,0;0,0;
18.07.2026;02:15;02:30;0,0;0,0;
18.07.2026;02:30;02:45;0,0;0,0;
18.07.2026;02:45;03:00;0,0;0,0;
18.07.2026;03:00;03:15;0,0;0,0;
18.07.2026;03:15;03:30;0,0;0,0;
18.07.2026;03:30;03:45;0,0;0,0;
18.07.2026;03:45;04:00;0,0;0,0;
18.07.2026;04:00;04:15;0,0;0,0;
18.07.2026;04:15;04:30;0,0;0,0;
18.07.2026;04:30;04:45;0,0;0,0;
18.07.2026;04:45;05:00;0,0;0,0;
18.07.2026;05:00;05:15;0,11;0,11;
18.07.2026;05:15;05:30;0,2;0,2;
18.07.2026;05:30;05:45;0,24;0,24;
18.07.2026;05:45;06:00;0,11;0,11;
18.07.2026;06:00;06:15;0,0;0,0;
18.07.2026;06:15;06:30;0,0;0,0;
18.07.2026;06:30;06:45;0,0;0,0;
18.07.2026;06:45;07:00;0,0;0,0;
18.07.2026;07:00;07:15;0,0;0,0;
18.07.2026;07:15;07:30;0,0;0,0;
18.07.2026;07:30;07:45;0,0;0,0;
18.07.2026;07:45;08:00;0,0;0,0;
18.07.2026;08:00;08:15;0,0;0,0;
18.07.2026;08:15;08:30;0,0;0,0;
18.07.2026;08:30;08:45;0,0;0,0;
18.07.2026;08:45;09:00;0,0;0,0;
18.07.2026;09:00;09:15;0,0;0,0;
18.07.2026;09:15;09:30;0,0;0,0;
18.07.2026;09:30;09:45;0,0;0,0;
18.07.2026;09:45;10:00;0,0;0,0;
18.07.2026;10:00;10:15;0,0;0,0;
18.07.2026;10:15;10:30;0,0;0,0;
18.07.2026;10:30;10:45;0,0;0,0;
18.07.2026;10:45;11:00;0,0;0,0;
18.07.2026;11:00;11:15;0,51;0,51;
18.07.2026;11:15;11:30;1,76;1,76;
18.07.2026;11:30;11:45;3,01;3,01;
18.07.2026;11:45;12:00;3,65;3,65;
18.07.2026;12:00;12:15;4,09;4,09;
18.07.2026;12:15;12:30;5,14;5,14;
18.07.2026;12:30;12:45;4,7;4,7;
18.07.2026;12:45;13:00;4,14;4,14;
18.07.2026;13:00;13:15;5,48;5,48;
18.07.2026;13:15;13:30;4,13;4,13;
18.07.2026;13:30;13:45;5,02;5,02;
18.07.2026;13:45;14:00;5,39;5,39;
18.07.2026;14:00;14:15;4,29;4,29;
18.07.2026;14:15;14:30;4,11;4,11;
18.07.2026;14:30;14:45;4,02;4,02;
18.07.2026;14:45;15:00;4,19;4,19;
18.07.2026;15:00;15:15;3,84;3,84;
18.07.2026;15:15;15:30;4,51;4,51;
18.07.2026;15:30;15:45;3,61;3,61;
18.07.2026;15:45;16:00;4,05;4,05;
18.07.2026;16:00;16:15;4,49;4,49;
18.07.2026;16:15;16:30;4,12;4,12;
18.07.2026;16:30;16:45;3,74;3,74;
18.07.2026;16:45;17:00;3,26;3,26;
18.07.2026;17:00;17:15;3,41;3,41;
18.07.2026;17:15;17:30;3,14;3,14;
18.07.2026;17:30;17:45;2,87;2,87;
18.07.2026;17:45;18:00;2,44;2,44;
18.07.2026;18:00;18:15;2,85;2,85;
18.07.2026;18:15;18:30;2,32;2,32;
18.07.2026;18:30;18:45;1,95;1,95;
18.07.2026;18:45;19:00;1,86;1,86;
18.07.2026;19:00;19:15;1,67;1,67;
18.07.2026;19:15;19:30;1,64;1,64;
18.07.2026;19:30;19:45;1,36;1,36;
18.07.2026;19:45;20:00;1,13;1,13;
18.07.2026;20:00;20:15;0,61;0,61;
18.07.2026;20:15;20:30;0,36;0,36;
18.07.2026;20:30;20:45;0,13;0,13;
18.07.2026;20:45;21:00;0,01;0,01;
18.07.2026;21:00;21:15;0,0;0,0;
18.07.2026;21:15;21:30;0,0;0,0;
18.07.2026;21:30;21:45;0,0;0,0;
18.07.2026;21:45;22:00;0,0;0,0;
18.07.2026;22:00;22:15;0,0;0,0;
18.07.2026;22:15;22:30;0,0;0,0;
18.07.2026;22:30;22:45;0,0;0,0;
18.07.2026;22:45;23:00;0,0;0,0;
18.07.2026;23:00;23:15;0,0;0,0;
18.07.2026;23:15;23:30;0,0;0,0;
18.07.2026;23:30;23:45;0,0;0,0;
18.07.2026;23:45;00:00;0,0;0,0;
19.07.2026;00:00;00:15;0,0;0,0;
19.07.2026;00:15;00:30;0,0;0,0;
19.07.2026;00:30;00:45;0,0;0,0;
19.07.2026;00:45;01:00;0,0;0,0;
19.07.2026;01:00;01:15;0,0;0,0;
19.07.2026;01:15;01:30;0,0;0,0;
19.07.2026;01:30;01:45;0,0;0,0;
19.07.2026;01:45;02:00;0,0;0,0;
19.07.2026;02:00;02:15;0,0;0,0;
19.07.2026;02:15;02:30;0,0;0,0;
19.07.2026;02:30;02:45;0,0;0,0;
19.07.2026;02:45;03:00;0,0;0,0;
19.07.2026;03:00;03:15;0,0;0,0;
19.07.2026;03:15;03:30;0,0;0,0;
19.07.2026;03:30;03:45;0,0;0,0;
19.07.2026;03:45;04:00;0,0;0,0;
19.07.2026;04:00;04:15;0,0;0,0;
19.07.2026;04:15;04:30;0,0;0,0;
19.07.2026;04:30;04:45;0,0;0,0;
19.07.2026;04:45;05:00;0,0;0,0;
19.07.2026;05:00;05:15;0,12;0,12;
19.07.2026;05:15;05:30;0,29;0,29;
19.07.2026;05:30;05:45;0,62;0,62;
19.07.2026;05:45;06:00;0,76;0,76;
19.07.2026;06:00;06:15;1,03;1,03;
19.07.2026;06:15;06:30;1,26;1,26;
19.07.2026;06:30;06:45;1,58;1,58;
19.07.2026;06:45;07:00;1,69;1,69;
19.07.2026;07:00;07:15;1,89;1,89;
19.07.2026;07:15;07:30;1,77;1,77;
19.07.2026;07:30;07:45;2,24;2,24;
19.07.2026;07:45;08:00;2,16;2,16;
19.07.2026;08:00;08:15;2,78;2,78;
19.07.2026;08:15;08:30;2,79;2,79;
19.07.2026;08:30;08:45;3,11;3,11;
19.07.2026;08:45;09:00;2,68;2,68;
19.07.2026;09:00;09:15;2,86;2,86;
19.07.2026;09:15;09:30;3,64;3,64;
19.07.2026;09:30;09:45;3,1;3,1;
19.07.2026;09:45;10:00;3,21;3,21;
19.07.2026;10:00;10:15;3,25;3,25;
19.07.2026;10:15;10:30;4,46;4,46;
19.07.2026;10:30;10:45;4,32;4,32;
19.07.2026;10:45;11:00;3,94;3,94;
19.07.2026;11:00;11:15;3,95;3,95;
19.07.2026;11:15;11:30;4,09;4,09;
19.07.2026;11:30;11:45;4,71;4,71;
19.07.2026;11:45;12:00;4,62;4,62;
19.07.2026;12:00;12:15;4,03;4,03;
19.07.2026;12:15;12:30;4,04;4,04;
19.07.2026;12:30;12:45;3,96;3,96;
19.07.2026;12:45;13:00;4,73;4,73;
19.07.2026;13:00;13:15;4,87;4,87;
19.07.2026;13:15;13:30;4,18;4,18;
19.07.2026;13:30;13:45;3,83;3,83;
19.07.2026;13:45;14:00;3,89;3,89;
19.07.2026;14:00;14:15;5,02;5,02;
19.07.2026;14:15;14:30;4,08;4,08;
19.07.2026;14:30;14:45;4,63;4,63;
19.07.2026;14:45;15:00;4,37;4,37;
19.07.2026;15:00;15:15;3,98;3,98;
19.07.2026;15:15;15:30;3,67;3,67;
19.07.2026;15:30;15:45;3,48;3,48;
19.07.2026;15:45;16:00;3,94;3,94;
19.07.2026;16:00;16:15;3,99;3,99;
19.07.2026;16:15;16:30;3,71;3,71;
19.07.2026;16:30;16:45;3,45;3,45;
19.07.2026;16:45;17:00;2,82;2,82;
19.07.2026;17:00;17:15;3,55;3,55;
19.07.2026;17:15;17:30;3,21;3,21;
19.07.2026;17:30;17:45;2,6;2,6;
19.07.2026;17:45;18:00;2,97;2,97;
19.07.2026;18:00;18:15;2,49;2,49;
19.07.2026;18:15;18:30;2,28;2,28;
19.07.2026;18:30;18:45;2,18;2,18;
19.07.2026;18:45;19:00;2,0;2,0;
19.07.2026;19:00;19:15;1,7;1,7;
19.07.2026;19:15;19:30;1,26;1,26;
19.07.2026;19:30;19:45;1,15;1,15;
19.07.2026;19:45;20:00;1,12;1,12;
19.07.2026;20:00;20:15;0,62;0,62;
19.07.2026;20:15;20:30;0,33;0,33;
19.07.2026;20:30;20:45;0,12;0,12;
19.07.2026;20:45;21:00;0,01;0,01;
19.07.2026;21:00;21:15;0,0;0,0;
19.07.2026;21:15;21:30;0,0;0,0;
19.07.2026;21:30;21:45;0,0;0,0;
19.07.2026;21:45;22:00;0,0;0,0;
19.07.2026;22:00;22:15;0,0;0,0;
19.07.2026;22:15;22:30;0,0;0,0;
19.07.2026;22:30;22:45;0,0;0,0;
19.07.2026;22:45;23:00;0,0;0,0;
19.07.2026;23:00;23:15;0,0;0,0;
19.07.2026;23:15;23:30;0,0;0,0;
19.07.2026;23:30;23:45;0,0;0,0;
19.07.2026;23:45;00:00;0,0;0,0;
20.07.2026;00:00;00:15;0,0;0,0;
20.07.2026;00:15;00:30;0,0;0,0;
20.07.2026;00:30;00:45;0,0;0,0;
20.07.2026;00:45;01:00;0,0;0,0;
20.07.2026;01:00;01:15;0,0;0,0;
20.07.2026;01:15;01:30;0,0;0,0;
20.07.2026;01:30;01:45;0,0;0,0;
20.07.2026;01:45;02:00;0,0;0,0;
20.07.2026;02:00;02:15;0,0;0,0;
20.07.2026;02:15;02:30;0,0;0,0;
20.07.2026;02:30;02:45;0,0;0,0;
20.07.2026;02:45;03:00;0,0;0,0;
20.07.2026;03:00;03:15;0,0;0,0;
20.07.2026;03:15;03:30;0,0;0,0;
20.07.2026;03:30;03:45;0,0;0,0;
20.07.2026;03:45;04:00;0,0;0,0;
20.07.2026;04:00;04:15;0,0;0,0;
20.07.2026;04:15;04:30;0,0;0,0;
20.07.2026;04:30;04:45;0,0;0,0;
20.07.2026;04:45;05:00;0,0;0,0;
20.07.2026;05:00;05:15;0,09;0,09;
20.07.2026;05:15;05:30;0,19;0,19;
20.07.2026;05:30;05:45;0,19;0,19;
20.07.2026;05:45;06:00;0,08;0,08;
20.07.2026;06:00;06:15;0,0;0,0;
20.07.2026;06:15;06:30;0,0;0,0;
20.07.2026;06:30;06:45;0,0;0,0;
20.07.2026;06:45;07:00;0,0;0,0;
20.07.2026;07:00;07:15;0,0;0,0;
20.07.2026;07:15;07:30;0,0;0,0;
20.07.2026;07:30;07:45;0,0;0,0;
20.07.2026;07:45;08:00;0,0;0,0;
20.07.2026;08:00;08:15;0,0;0,0;
20.07.2026;08:15;08:30;0,0;0,0;
20.07.2026;08:30;08:45;0,0;0,0;
20.07.2026;08:45;09:00;0,0;0,0;
20.07.2026;09:00;09:15;0,0;0,0;
20.07.2026;09:15;09:30;0,0;0,0;
20.07.2026;09:30;09:45;0,0;0,0;
20.07.2026;09:45;10:00;0,0;0,0;
20.07.2026;10:00;10:15;0,0;0,0;
20.07.2026;10:15;10:30;0,0;0,0;
20.07.2026;10:30;10:45;0,0;0,0;
20.07.2026;10:45;11:00;0,0;0,0;
20.07.2026;11:00;11:15;0,0;0,0;
20.07.2026;11:15;11:30;0,0;0,0;
20.07.2026;11:30;11:45;0,0;0,0;
20.07.2026;11:45;12:00;0,0;0,0;
20.07.2026;12:00;12:15;0,0;0,0;
20.07.2026;12:15;12:30;0,0;0,0;
20.07.2026;12:30;12:45;0,0;0,0;
20.07.2026;12:45;13:00;0,0;0,0;
20.07.2026;13:00;13:15;0,0;0,0;
20.07.2026;13:15;13:30;0,0;0,0;
20.07.2026;13:30;13:45;0,0;0,0;
20.07.2026;13:45;14:00;0,0;0,0;
20.07.2026;14:00;14:15;0,0;0,0;
20.07.2026;14:15;14:30;0,0;0,0;
20.07.2026;14:30;14:45;0,0;0,0;
20.07.2026;14:45;15:00;0,0;0,0;
20.07.2026;15:00;15:15;0,5;0,5;
20.07.2026;15:15;15:30;1,54;1,54;
20.07.2026;15:30;15:45;2,3;2,3;
20.07.2026;15:45;16:00;2,94;2,94;
20.07.2026;16:00;16:15;3,28;3,28;
20.07.2026;16:15;16:30;3,43;3,43;
20.07.2026;16:30;16:45;2,65;2,65;
20.07.2026;16:45;17:00;3,09;3,09;
20.07.2026;17:00;17:15;2,71;2,71;
20.07.2026;17:15;17:30;2,93;2,93;
20.07.2026;17:30;17:45;2,22;2,22;
20.07.2026;17:45;18:00;2,43;2,43;
20.07.2026;18:00;18:15;2,19;2,19;
20.07.2026;18:15;18:30;2,12;2,12;
20.07.2026;18:30;18:45;1,61;1,61;
20.07.2026;18:45;19:00;1,71;1,71;
20.07.2026;19:00;19:15;1,51;1,51;
20.07.2026;19:15;19:30;1,31;1,31;
20.07.2026;19:30;19:45;1,13;1,13;
20.07.2026;19:45;20:00;0,95;0,95;
20.07.2026;20:00;20:15;0,67;0,67;
20.07.2026;20:15;20:30;0,29;0,29;
20.07.2026;20:30;20:45;0,12;0,12;
20.07.2026;20:45;21:00;0,01;0,01;
20.07.2026;21:00;21:15;0,0;0,0;
20.07.2026;21:15;21:30;0,0;0,0;
20.07.2026;21:30;21:45;0,0;0,0;
20.07.2026;21:45;22:00;0,0;0,0;
20.07.2026;22:00;22:15;0,0;0,0;
20.07.2026;22:15;22:30;0,0;0,0;
20.07.2026;22:30;22:45;0,0;0,0;
20.07.2026;22:45;23:00;0,0;0,0;
20.07.2026;23:00;23:15;0,0;0,0;
20.07.2026;23:15;23:30;0,0;0,0;
20.07.2026;23:30;23:45;0,0;0,0;
20.07.2026;23:45;00:00;0,0;0,0;
21.07.2026;00:00;00:15;0,0;0,0;
21.07.2026;00:15;00:30;0,0;0,0;
21.07.2026;00:30;00:45;0,0;0,0;
21.07.2026;00:45;01:00;0,0;0,0;
21.07.2026;01:00;01:15;0,0;0,0;
21.07.2026;01:15;01:30;0,0;0,0;
21.07.2026;01:30;01:45;0,0;0,0;
21.07.2026;01:45;02:00;0,0;0,0;
21.07.2026;02:00;02:15;0,0;0,0;
21.07.2026;02:15;02:30;0,0;0,0;
21.07.2026;02:30;02:45;0,0;0,0;
21.07.2026;02:45;03:00;0,0;0,0;
21.07.2026;03:00;03:15;0,0;0,0;
21.07.2026;03:15;03:30;0,0;0,0;
21.07.2026;03:30;03:45;0,0;0,0;
21.07.2026;03:45;04:00;0,0;0,0;
21.07.2026;04:00;04:15;0,0;0,0;
21.07.2026;04:15;04:30;0,0;0,0;
21.07.2026;04:30;04:45;0,0;0,0;
21.07.2026;04:45;05:00;0,0;0,0;
21.07.2026;05:00;05:15;0,12;0,12;
21.07.2026;05:15;05:30;0,22;0,22;
21.07.2026;05:30;05:45;0,23;0,23;
21.07.2026;05:45;06:00;0,1;0,1;
21.07.2026;06:00;06:15;0,0;0,0;
21.07.2026;06:15;06:30;0,0;0,0;
21.07.2026;06:30;06:45;0,0;0,0;
21.07.2026;06:45;07:00;0,0;0,0;
21.07.2026;07:00;07:15;0,0;0,0;
21.07.2026;07:15;07:30;0,0;0,0;
21.07.2026;07:30;07:45;0,0;0,0;
21.07.2026;07:45;08:00;0,0;0,0;
21.07.2026;08:00;08:15;0,0;0,0;
21.07.2026;08:15;08:30;0,0;0,0;
21.07.2026;08:30;08:45;0,0;0,0;
21.07.2026;08:45;09:00;0,0;0,0;
21.07.2026;09:00;09:15;0,0;0,0;
21.07.2026;09:15;09:30;0,0;0,0;
21.07.2026;09:30;09:45;0,0;0,0;
21.07.2026;09:45;10:00;0,0;0,0;
21.07.2026;10:00;10:15;0,0;0,0;
21.07.2026;10:15;10:30;0,0;0,0;
21.07.2026;10:30;10:45;0,0;0,0;
21.07.2026;10:45;11:00;0,0;0,0;
21.07.2026;11:00;11:15;0,0;0,0;
21.07.2026;11:15;11:30;0,0;0,0;
21.07.2026;11:30;11:45;0,0;0,0;
21.07.2026;11:45;12:00;0,0;0,0;
21.07.2026;12:00;12:15;0,0;0,0;
21.07.2026;12:15;12:30;0,0;0,0;
21.07.2026;12:30;12:45;0,0;0,0;
21.07.2026;12:45;13:00;0,0;0,0;
21.07.2026;13:00;13:15;0,0;0,0;
21.07.2026;13:15;13:30;0,0;0,0;
21.07.2026;13:30;13:45;0,0;0,0;
21.07.2026;13:45;14:00;0,0;0,0;
21.07.2026;14:00;14:15;0,0;0,0;
21.07.2026;14:15;14:30;0,0;0,0;
21.07.2026;14:30;14:45;0,0;0,0;
21.07.2026;14:45;15:00;0,0;0,0;
21.07.2026;15:00;15:15;0,5;0,5;
21.07.2026;15:15;15:30;1,89;1,89;
21.07.2026;15:30;15:45;2,43;2,43;
21.07.2026;15:45;16:00;3,75;3,75;
21.07.2026;16:00;16:15;4,0;4,0;
21.07.2026;16:15;16:30;3,78;3,78;
21.07.2026;16:30;16:45;4,26;4,26;
21.07.2026;16:45;17:00;3,11;3,11;
21.07.2026;17:00;17:15;3,63;3,63;
21.07.2026;17:15;17:30;3,73;3,73;
21.07.2026;17:30;17:45;3,14;3,14;
21.07.2026;17:45;18:00;3,27;3,27;
21.07.2026;18:00;18:15;2,33;2,33;
21.07.2026;18:15;18:30;2,41;2,41;
21.07.2026;18:30;18:45;2,09;2,09;
21.07.2026;18:45;19:00;2,18;2,18;
21.07.2026;19:00;19:15;2,07;2,07;
21.07.2026;19:15;19:30;1,46;1,46;
21.07.2026;19:30;19:45;1,4;1,4;
21.07.2026;19:45;20:00;1,0;1,0;
21.07.2026;20:00;20:15;0,77;0,77;
21.07.2026;20:15;20:30;0,38;0,38;
21.07.2026;20:30;20:45;0,16;0,16;
21.07.2026;20:45;21:00;0,02;0,02;
21.07.2026;21:00;21:15;0,0;0,0;
21.07.2026;21:15;21:30;0,0;0,0;
21.07.2026;21:30;21:45;0,0;0,0;
21.07.2026;21:45;22:00;0,0;0,0;
21.07.2026;22:00;22:15;0,0;0,0;
21.07.2026;22:15;22:30;0,0;0,0;
21.07.2026;22:30;22:45;0,0;0,0;
21.07.2026;22:45;23:00;0,0;0,0;
21.07.2026;23:00;23:15;0,0;0,0;
21.07.2026;23:15;23:30;0,0;0,0;
21.07.2026;23:30;23:45;0,0;0,0;
21.07.2026;23:45;00:00;0,0;0,0;
22.07.2026;00:00;00:15;0,0;0,0;
22.07.2026;00:15;00:30;0,0;0,0;
22.07.2026;00:30;00:45;0,0;0,0;
22.07.2026;00:45;01:00;0,0;0,0;
22.07.2026;01:00;01:15;0,0;0,0;
22.07.2026;01:15;01:30;0,0;0,0;
22.07.2026;01:30;01:45;0,0;0,0;
22.07.2026;01:45;02:00;0,0;0,0;
22.07.2026;02:00;02:15;0,0;0,0;
22.07.2026;02:15;02:30;0,0;0,0;
22.07.2026;02:30;02:45;0,0;0,0;
22.07.2026;02:45;03:00;0,0;0,0;
22.07.2026;03:00;03:15;0,0;0,0;
22.07.2026;03:15;03:30;0,0;0,0;
22.07.2026;03:30;03:45;0,0;0,0;
22.07.2026;03:45;04:00;0,0;0,0;
22.07.2026;04:00;04:15;0,0;0,0;
22.07.2026;04:15;04:30;0,0;0,0;
22.07.2026;04:30;04:45;0,0;0,0;
22.07.2026;04:45;05:00;0,0;0,0;
22.07.2026;05:00;05:15;0,07;0,07;
22.07.2026;05:15;05:30;0,15;0,15;
22.07.2026;05:30;05:45;0,16;0,16;
22.07.2026;05:45;06:00;0,08;0,08;
22.07.2026;06:00;06:15;0,0;0,0;
22.07.2026;06:15;06:30;0,0;0,0;
22.07.2026;06:30;06:45;0,0;0,0;
22.07.2026;06:45;07:00;0,0;0,0;
22.07.2026;07:00;07:15;0,0;0,0;
22.07.2026;07:15;07:30;0,0;0,0;
22.07.2026;07:30;07:45;0,0;0,0;
22.07.2026;07:45;08:00;0,0;0,0;
22.07.2026;08:00;08:15;0,0;0,0;
22.07.2026;08:15;08:30;0,0;0,0;
22.07.2026;08:30;08:45;0,0;0,0;
22.07.2026;08:45;09:00;0,0;0,0;
22.07.2026;09:00;09:15;0,0;0,0;
22.07.2026;09:15;09:30;0,0;0,0;
22.07.2026;09:30;09:45;0,0;0,0;
22.07.2026;09:45;10:00;0,0;0,0;
22.07.2026;10:00;10:15;0,0;0,0;
22.07.2026;10:15;10:30;0,0;0,0;
22.07.2026;10:30;10:45;0,0;0,0;
22.07.2026;10:45;11:00;0,0;0,0;
22.07.2026;11:00;11:15;0,0;0,0;
22.07.2026;11:15;11:30;0,0;0,0;
22.07.2026;11:30;11:45;0,0;0,0;
22.07.2026;11:45;12:00;0,0;0,0;
22.07.2026;12:00;12:15;0,0;0,0;
22.07.2026;12:15;12:30;0,0;0,0;
22.07.2026;12:30;12:45;0,0;0,0;
22.07.2026;12:45;13:00;0,0;0,0;
22.07.2026;13:00;13:15;0,0;0,0;
22.07.2026;13:15;13:30;0,0;0,0;
22.07.2026;13:30;13:45;0,0;0,0;
22.07.2026;13:45;14:00;0,0;0,0;
22.07.2026;14:00;14:15;0,0;0,0;
22.07.2026;14:15;14:30;0,0;0,0;
22.07.2026;14:30;14:45;0,0;0,0;
22.07.2026;14:45;15:00;0,0;0,0;
22.07.2026;15:00;15:15;0,47;0,47;
22.07.2026;15:15;15:30;1,15;1,15;
22.07.2026;15:30;15:45;2,3;2,3;
22.07.2026;15:45;16:00;2,43;2,43;
22.07.2026;16:00;16:15;2,74;2,74;
22.07.2026;16:15;16:30;2,63;2,63;
22.07.2026;16:30;16:45;3,12;3,12;
22.07.2026;16:45;17:00;2,79;2,79;
22.07.2026;17:00;17:15;2,28;2,28;
22.07.2026;17:15;17:30;2,37;2,37;
22.07.2026;17:30;17:45;2,35;2,35;
22.07.2026;17:45;18:00;1,86;1,86;
22.07.2026;18:00;18:15;2,2;2,2;
22.07.2026;18:15;18:30;1,98;1,98;
22.07.2026;18:30;18:45;1,66;1,66;
22.07.2026;18:45;19:00;1,7;1,7;
22.07.2026;19:00;19:15;1,29;1,29;
22.07.2026;19:15;19:30;1,32;1,32;
22.07.2026;19:30;19:45;1,03;1,03;
22.07.2026;19:45;20:00;0,84;0,84;
22.07.2026;20:00;20:15;0,5;0,5;
22.07.2026;20:15;20:30;0,31;0,31;
22.07.2026;20:30;20:45;0,1;0,1;
22.07.2026;20:45;21:00;0,01;0,01;
22.07.2026;21:00;21:15;0,0;0,0;
22.07.2026;21:15;21:30;0,0;0,0;
22.07.2026;21:30;21:45;0,0;0,0;
22.07.2026;21:45;22:00;0,0;0,0;
22.07.2026;22:00;22:15;0,0;0,0;
22.07.2026;22:15;22:30;0,0;0,0;
22.07.2026;22:30;22:45;0,0;0,0;
22.07.2026;22:45;23:00;0,0;0,0;
22.07.2026;23:00;23:15;0,0;0,0;
22.07.2026;23:15;23:30;0,0;0,0;
22.07.2026;23:30;23:45;0,0;0,0;
22.07.2026;23:45;00:00;0,0;0,0;
23.07.2026;00:00;00:15;0,0;0,0;
23.07.2026;00:15;00:30;0,0;0,0;
23.07.2026;00:30;00:45;0,0;0,0;
23.07.2026;00:45;01:00;0,0;0,0;
23.07.2026;01:00;01:15;0,0;0,0;
23.07.2026;01:15;01:30;0,0;0,0;
23.07.2026;01:30;01:45;0,0;0,0;
23.07.2026;01:45;02:00;0,0;0,0;
23.07.2026;02:00;02:15;0,0;0,0;
23.07.2026;02:15;02:30;0,0;0,0;
23.07.2026;02:30;02:45;0,0;0,0;
23.07.2026;02:45;03:00;0,0;0,0;
23.07.2026;03:00;03:15;0,0;0,0;
23.07.2026;03:15;03:30;0,0;0,0;
23.07.2026;03:30;03:45;0,0;0,0;
23.07.2026;03:45;04:00;0,0;0,0;
23.07.2026;04:00;04:15;0,0;0,0;
23.07.2026;04:15;04:30;0,0;0,0;
23.07.2026;04:30;04:45;0,0;0,0;
23.07.2026;04:45;05:00;0,0;0,0;
23.07.2026;05:00;05:15;0,1;0,1;
23.07.2026;05:15;05:30;0,19;0,19;
23.07.2026;05:30;05:45;0,22;0,22;
23.07.2026;05:45;06:00;0,09;0,09;
23.07.2026;06:00;06:15;0,0;0,0;
23.07.2026;06:15;06:30;0,0;0,0;
23.07.2026;06:30;06:45;0,0;0,0;
23.07.2026;06:45;07:00;0,0;0,0;
23.07.2026;07:00;07:15;0,0;0,0;
23.07.2026;07:15;07:30;0,0;0,0;
23.07.2026;07:30;07:45;0,0;0,0;
23.07.2026;07:45;08:00;0,0;0,0;
23.07.2026;08:00;08:15;0,0;0,0;
23.07.2026;08:15;08:30;0,0;0,0;
23.07.2026;08:30;08:45;0,0;0,0;
23.07.2026;08:45;09:00;0,0;0,0;
23.07.2026;09:00;09:15;0,0;0,0;
23.07.2026;09:15;09:30;0,0;0,0;
23.07.2026;09:30;09:45;0,0;0,0;
23.07.2026;09:45;10:00;0,0;0,0;
23.07.2026;10:00;10:15;0,0;0,0;
23.07.2026;10:15;10:30;0,0;0,0;
23.07.2026;10:30;10:45;0,0;0,0;
23.07.2026;10:45;11:00;0,0;0,0;
23.07.2026;11:00;11:15;0,0;0,0;
23.07.2026;11:15;11:30;0,0;0,0;
23.07.2026;11:30;11:45;0,0;0,0;
23.07.2026;11:45;12:00;0,0;0,0;
23.07.2026;12:00;12:15;0,0;0,0;
23.07.2026;12:15;12:30;0,0;0,0;
23.07.2026;12:30;12:45;0,0;0,0;
23.07.2026;12:45;13:00;0,0;0,0;
23.07.2026;13:00;13:15;0,0;0,0;
23.07.2026;13:15;13:30;0,0;0,0;
23.07.2026;13:30;13:45;0,0;0,0;
23.07.2026;13:45;14:00;0,0;0,0;
23.07.2026;14:00;14:15;0,0;0,0;
23.07.2026;14:15;14:30;0,0;0,0;
23.07.2026;14:30;14:45;0,0;0,0;
23.07.2026;14:45;15:00;0,0;0,0;
23.07.2026;15:00;15:15;0,41;0,41;
23.07.2026;15:15;15:30;1,48;1,48;
23.07.2026;15:30;15:45;2,52;2,52;
23.07.2026;15:45;16:00;2,84;2,84;
23.07.2026;16:00;16:15;3,73;3,73;
23.07.2026;16:15;16:30;3,04;3,04;
23.07.2026;16:30;16:45;3,5;3,5;
23.07.2026;16:45;17:00;3,21;3,21;
23.07.2026;17:00;17:15;3,1;3,1;
23.07.2026;17:15;17:30;2,3;2,3;
23.07.2026;17:30;17:45;2,89;2,89;
23.07.2026;17:45;18:00;2,53;2,53;
23.07.2026;18:00;18:15;2,07;2,07;
23.07.2026;18:15;18:30;2,23;2,23;
23.07.2026;18:30;18:45;1,73;1,73;
23.07.2026;18:45;19:00;1,86;1,86;
23.07.2026;19:00;19:15;1,31;1,31;
23.07.2026;19:15;19:30;1,37;1,37;
23.07.2026;19:30;19:45;1,11;1,11;
23.07.2026;19:45;20:00;0,79;0,79;
23.07.2026;20:00;20:15;0,57;0,57;
23.07.2026;20:15;20:30;0,27;0,27;
23.07.2026;20:30;20:45;0,11;0,11;
23.07.2026;20:45;21:00;0,01;0,01;
23.07.2026;21:00;21:15;0,0;0,0;
23.07.2026;21:15;21:30;0,0;0,0;
23.07.2026;21:30;21:45;0,0;0,0;
23.07.2026;21:45;22:00;0,0;0,0;
23.07.2026;22:00;22:15;0,0;0,0;
23.07.2026;22:15;22:30;0,0;0,0;
23.07.2026;22:30;22:45;0,0;0,0;
23.07.2026;22:45;23:00;0,0;0,0;
23.07.2026;23:00;23:15;0,0;0,0;
23.07.2026;23:15;23:30;0,0;0,0;
23.07.2026;23:30;23:45;0,0;0,0;
23.07.2026;23:45;00:00;0,0;0,0;
24.07.2026;00:00;00:15;0,0;0,0;
24.07.2026;00:15;00:30;0,0;0,0;
24.07.2026;00:30;00:45;0,0;0,0;
24.07.2026;00:45;01:00;0,0;0,0;
24.07.2026;01:00;01:15;0,0;0,0;
24.07.2026;01:15;01:30;0,0;0,0;
24.07.2026;01:30;01:45;0,0;0,0;
24.07.2026;01:45;02:00;0,0;0,0;
24.07.2026;02:00;02:15;0,0;0,0;
24.07.2026;02:15;02:30;0,0;0,0;
24.07.2026;02:30;02:45;0,0;0,0;
24.07.2026;02:45;03:00;0,0;0,0;
24.07.2026;03:00;03:15;0,0;0,0;
24.07.2026;03:15;03:30;0,0;0,0;
24.07.2026;03:30;03:45;0,0;0,0;
24.07.2026;03:45;04:00;0,0;0,0;
24.07.2026;04:00;04:15;0,0;0,0;
24.07.2026;04:15;04:30;0,0;0,0;
24.07.2026;04:30;04:45;0,0;0,0;
24.07.2026;04:45;05:00;0,0;0,0;
24.07.2026;05:00;05:15;0,09;0,09;
24.07.2026;05:15;05:30;0,22;0,22;
24.07.2026;05:30;05:45;0,2;0,2;
24.07.2026;05:45;06:00;0,1;0,1;
24.07.2026;06:00;06:15;0,0;0,0;
24.07.2026;06:15;06:30;0,0;0,0;
24.07.2026;06:30;06:45;0,0;0,0;
24.07.2026;06:45;07:00;0,0;0,0;
24.07.2026;07:00;07:15;0,0;0,0;
24.07.2026;07:15;07:30;0,0;0,0;
24.07.2026;07:30;07:45;0,0;0,0;
24.07.2026;07:45;08:00;0,0;0,0;
24.07.2026;08:00;08:15;0,0;0,0;
24.07.2026;08:15;08:30;0,0;0,0;
24.07.2026;08:30;08:45;0,0;0,0;
24.07.2026;08:45;09:00;0,0;0,0;
24.07.2026;09:00;09:15;0,0;0,0;
24.07.2026;09:15;09:30;0,0;0,0;
24.07.2026;09:30;09:45;0,0;0,0;
24.07.2026;09:45;10:00;0,0;0,0;
24.07.2026;10:00;10:15;0,0;0,0;
24.07.2026;10:15;10:30;0,0;0,0;
24.07.2026;10:30;10:45;0,0;0,0;
24.07.2026;10:45;11:00;0,0;0,0;
24.07.2026;11:00;11:15;0,0;0,0;
24.07.2026;11:15;11:30;0,0;0,0;
24.07.2026;11:30;11:45;0,0;0,0;
24.07.2026;11:45;12:00;0,0;0,0;
24.07.2026;12:00;12:15;0,0;0,0;
24.07.2026;12:15;12:30;0,0;0,0;
24.07.2026;12:30;12:45;0,0;0,0;
24.07.2026;12:45;13:00;0,0;0,0;
24.07.2026;13:00;13:15;0,0;0,0;
24.07.2026;13:15;13:30;0,0;0,0;
24.07.2026;13:30;13:45;0,0;0,0;
24.07.2026;13:45;14:00;0,0;0,0;
24.07.2026;14:00;14:15;0,0;0,0;
24.07.2026;14:15;14:30;0,0;0,0;
24.07.2026;14:30;14:45;0,0;0,0;
24.07.2026;14:45;15:00;0,0;0,0;
24.07.2026;15:00;15:15;0,47;0,47;
24.07.2026;15:15;15:30;1,58;1,58;
24.07.2026;15:30;15:45;2,4;2,4;
24.07.2026;15:45;16:00;3,21;3,21;
24.07.2026;16:00;16:15;3,32;3,32;
24.07.2026;16:15;16:30;3,85;3,85;
24.07.2026;16:30;16:45;3,18;3,18;
24.07.2026;16:45;17:00;2,75;2,75;
24.07.2026;17:00;17:15;3,09;3,09;
24.07.2026;17:15;17:30;2,5;2,5;
24.07.2026;17:30;17:45;2,54;2,54;
24.07.2026;17:45;18:00;2,5;2,5;
24.07.2026;18:00;18:15;2,58;2,58;
24.07.2026;18:15;18:30;2,13;2,13;
24.07.2026;18:30;18:45;2,06;2,06;
24.07.2026;18:45;19:00;2,01;2,01;
24.07.2026;19:00;19:15;1,39;1,39;
24.07.2026;19:15;19:30;1,27;1,27;
24.07.2026;19:30;19:45;1,12;1,12;
24.07.2026;19:45;20:00;0,93;0,93;
24.07.2026;20:00;20:15;0,63;0,63;
24.07.2026;20:15;20:30;0,37;0,37;
24.07.2026;20:30;20:45;0,13;0,13;
24.07.2026;20:45;21:00;0,01;0,01;
24.07.2026;21:00;21:15;0,0;0,0;
24.07.2026;21:15;21:30;0,0;0,0;
24.07.2026;21:30;21:45;0,0;0,0;
24.07.2026;21:45;22:00;0,0;0,0;
24.07.2026;22:00;22:15;0,0;0,0;
24.07.2026;22:15;22:30;0,0;0,0;
24.07.2026;22:30;22:45;0,0;0,0;
24.07.2026;22:45;23:00;0,0;0,0;
24.07.2026;23:00;23:15;0,0;0,0;
24.07.2026;23:15;23:30;0,0;0,0;
24.07.2026;23:30;23:45;0,0;0,0;
24.07.2026;23:45;00:00;0,0;0,0;
25.07.2026;00:00;00:15;0,0;0,0;
25.07.2026;00:15;00:30;0,0;0,0;
25.07.2026;00:30;00:45;0,0;0,0;
25.07.2026;00:45;01:00;0,0;0,0;
25.07.2026;01:00;01:15;0,0;0,0;
25.07.2026;01:15;01:30;0,0;0,0;
25.07.2026;01:30;01:45;0,0;0,0;
25.07.2026;01:45;02:00;0,0;0,0;
25.07.2026;02:00;02:15;0,0;0,0;
25.07.2026;02:15;02:30;0,0;0,0;
25.07.2026;02:30;02:45;0,0;0,0;
25.07.2026;02:45;03:00;0,0;0,0;
25.07.2026;03:00;03:15;0,0;0,0;
25.07.2026;03:15;03:30;0,0;0,0;
25.07.2026;03:30;03:45;0,0;0,0;
25.07.2026;03:45;04:00;0,0;0,0;
25.07.2026;04:00;04:15;0,0;0,0;
25.07.2026;04:15;04:30;0,0;0,0;
25.07.2026;04:30;04:45;0,0;0,0;
25.07.2026;04:45;05:00;0,0;0,0;
25.07.2026;05:00;05:15;0,09;0,09;
25.07.2026;05:15;05:30;0,24;0,24;
25.07.2026;05:30;05:45;0,18;0,18;
25.07.2026;05:45;06:00;0,1;0,1;
25.07.2026;06:00;06:15;0,0;0,0;
25.07.2026;06:15;06:30;0,0;0,0;
25.07.2026;06:30;06:45;0,0;0,0;
25.07.2026;06:45;07:00;0,0;0,0;
25.07.2026;07:00;07:15;0,0;0,0;
25.07.2026;07:15;07:30;0,0;0,0;
25.07.2026;07:30;07:45;0,0;0,0;
25.07.2026;07:45;08:00;0,0;0,0;
25.07.2026;08:00;08:15;0,0;0,0;
25.07.2026;08:15;08:30;0,0;0,0;
25.07.2026;08:30;08:45;0,0;0,0;
25.07.2026;08:45;09:00;0,0;0,0;
25.07.2026;09:00;09:15;0,0;0,0;
25.07.2026;09:15;09:30;0,0;0,0;
25.07.2026;09:30;09:45;0,0;0,0;
25.07.2026;09:45;10:00;0,0;0,0;
25.07.2026;10:00;10:15;0,0;0,0;
25.07.2026;10:15;10:30;0,0;0,0;
25.07.2026;10:30;10:45;0,0;0,0;
25.07.2026;10:45;11:00;0,0;0,0;
25.07.2026;11:00;11:15;0,58;0,58;
25.07.2026;11:15;11:30;1,79;1,79;
25.07.2026;11:30;11:45;3,06;3,06;
25.07.2026;11:45;12:00;4,4;4,4;
25.07.2026;12:00;12:15;4,42;4,42;
25.07.2026;12:15;12:30;4,3;4,3;
25.07.2026;12:30;12:45;4,68;4,68;
25.07.2026;12:45;13:00;4,4;4,4;
25.07.2026;13:00;13:15;4,72;4,72;
25.07.2026;13:15;13:30;4,85;4,85;
25.07.2026;13:30;13:45;4,8;4,8;
25.07.2026;13:45;14:00;4,34;4,34;
25.07.2026;14:00;14:15;4,02;4,02;
25.07.2026;14:15;14:30;4,32;4,32;
25.07.2026;14:30;14:45;3,88;3,88;
25.07.2026;14:45;15:00;4,77;4,77;
25.07.2026;15:00;15:15;3,99;3,99;
25.07.2026;15:15;15:30;3,67;3,67;
25.07.2026;15:30;15:45;3,42;3,42;
25.07.2026;15:45;16:00;4,04;4,04;
25.07.2026;16:00;16:15;3,9;3,9;
25.07.2026;16:15;16:30;3,44;3,44;
25.07.2026;16:30;16:45;3,02;3,02;
25.07.2026;16:45;17:00;3,23;3,23;
25.07.2026;17:00;17:15;2,98;2,98;
25.07.2026;17:15;17:30;3,15;3,15;
25.07.2026;17:30;17:45;2,91;2,91;
25.07.2026;17:45;18:00;2,53;2,53;
25.07.2026;18:00;18:15;2,24;2,24;
25.07.2026;18:15;18:30;2,59;2,59;
25.07.2026;18:30;18:45;2,03;2,03;
25.07.2026;18:45;19:00;1,96;1,96;
25.07.2026;19:00;19:15;1,47;1,47;
25.07.2026;19:15;19:30;1,43;1,43;
25.07.2026;19:30;19:45;1,05;1,05;
25.07.2026;19:45;20:00;1,01;1,01;
25.07.2026;20:00;20:15;0,78;0,78;
25.07.2026;20:15;20:30;0,34;0,34;
25.07.2026;20:30;20:45;0,11;0,11;
25.07.2026;20:45;21:00;0,01;0,01;
25.07.2026;21:00;21:15;0,0;0,0;
25.07.2026;21:15;21:30;0,0;0,0;
25.07.2026;21:30;21:45;0,0;0,0;
25.07.2026;21:45;22:00;0,0;0,0;
25.07.2026;22:00;22:15;0,0;0,0;
25.07.2026;22:15;22:30;0,0;0,0;
25.07.2026;22:30;22:45;0,0;0,0;
25.07.2026;22:45;23:00;0,0;0,0;
25.07.2026;23:00;23:15;0,0;0,0;
25.07.2026;23:15;23:30;0,0;0,0;
25.07.2026;23:30;23:45;0,0;0,0;
25.07.2026;23:45;00:00;0,0;0,0;
26.07.2026;00:00;00:15;0,0;0,0;
26.07.2026;00:15;00:30;0,0;0,0;
26.07.2026;00:30;00:45;0,0;0,0;
26.07.2026;00:45;01:00;0,0;0,0;
26.07.2026;01:00;01:15;0,0;0,0;
26.07.2026;01:15;01:30;0,0;0,0;
26.07.2026;01:30;01:45;0,0;0,0;
26.07.2026;01:45;02:00;0,0;0,0;
26.07.2026;02:00;02:15;0,0;0,0;
26.07.2026;02:15;02:30;0,0;0,0;
26.07.2026;02:30;02:45;0,0;0,0;
26.07.2026;02:45;03:00;0,0;0,0;
26.07.2026;03:00;03:15;0,0;0,0;
26.07.2026;03:15;03:30;0,0;0,0;
26.07.2026;03:30;03:45;0,0;0,0;
26.07.2026;03:45;04:00;0,0;0,0;
26.07.2026;04:00;04:15;0,0;0,0;
26.07.2026;04:15;04:30;0,0;0,0;
26.07.2026;04:30;04:45;0,0;0,0;
26.07.2026;04:45;05:00;0,0;0,0;
26.07.2026;05:00;05:15;0,15;0,15;
26.07.2026;05:15;05:30;0,41;0,41;
26.07.2026;05:30;05:45;0,64;0,64;
26.07.2026;05:45;06:00;0,96;0,96;
26.07.2026;06:00;06:15;1,08;1,08;
26.07.2026;06:15;06:30;1,44;1,44;
26.07.2026;06:30;06:45;1,79;1,79;
26.07.2026;06:45;07:00;1,98;1,98;
26.07.2026;07:00;07:15;2,17;2,17;
26.07.2026;07:15;07:30;2,84;2,84;
26.07.2026;07:30;07:45;3,03;3,03;
26.07.2026;07:45;08:00;3,06;3,06;
26.07.2026;08:00;08:15;3,24;3,24;
26.07.2026;08:15;08:30;3,51;3,51;
26.07.2026;08:30;08:45;3,28;3,28;
26.07.2026;08:45;09:00;3,68;3,68;
26.07.2026;09:00;09:15;3,44;3,44;
26.07.2026;09:15;09:30;4,14;4,14;
26.07.2026;09:30;09:45;4,4;4,4;
26.07.2026;09:45;10:00;4,14;4,14;
26.07.2026;10:00;10:15;5,3;5,3;
26.07.2026;10:15;10:30;5,38;5,38;
26.07.2026;10:30;10:45;5,25;5,25;
26.07.2026;10:45;11:00;5,09;5,09;
26.07.2026;11:00;11:15;5,71;5,71;
26.07.2026;11:15;11:30;4,65;4,65;
26.07.2026;11:30;11:45;5,77;5,77;
26.07.2026;11:45;12:00;4,77;4,77;
26.07.2026;12:00;12:15;5,91;5,91;
26.07.2026;12:15;12:30;5,1;5,1;
26.07.2026;12:30;12:45;6,12;6,12;
26.07.2026;12:45;13:00;6,24;6,24;
26.07.2026;13:00;13:15;4,93;4,93;
26.07.2026;13:15;13:30;5,43;5,43;
26.07.2026;13:30;13:45;6,26;6,26;
26.07.2026;13:45;14:00;5,4;5,4;
26.07.2026;14:00;14:15;5,96;5,96;
26.07.2026;14:15;14:30;5,45;5,45;
26.07.2026;14:30;14:45;5,04;5,04;
26.07.2026;14:45;15:00;4,81;4,81;
26.07.2026;15:00;15:15;4,59;4,59;
26.07.2026;15:15;15:30;5,31;5,31;
26.07.2026;15:30;15:45;4,63;4,63;
26.07.2026;15:45;16:00;4,67;4,67;
26.07.2026;16:00;16:15;4,49;4,49;
26.07.2026;16:15;16:30;4,44;4,44;
26.07.2026;16:30;16:45;4,63;4,63;
26.07.2026;16:45;17:00;4,57;4,57;
26.07.2026;17:00;17:15;3,69;3,69;
26.07.2026;17:15;17:30;3,95;3,95;
26.07.2026;17:30;17:45;3,66;3,66;
26.07.2026;17:45;18:00;3,24;3,24;
26.07.2026;18:00;18:15;3,35;3,35;
26.07.2026;18:15;18:30;2,47;2,47;
26.07.2026;18:30;18:45;2,19;2,19;
26.07.2026;18:45;19:00;2,47;2,47;
26.07.2026;19:00;19:15;1,95;1,95;
26.07.2026;19:15;19:30;1,91;1,91;
26.07.2026;19:30;19:45;1,64;1,64;
26.07.2026;19:45;20:00;1,05;1,05;
26.07.2026;20:00;20:15;0,92;0,92;
26.07.2026;20:15;20:30;0,41;0,41;
26.07.2026;20:30;20:45;0,15;0,15;
26.07.2026;20:45;21:00;0,02;0,02;
26.07.2026;21:00;21:15;0,0;0,0;
26.07.2026;21:15;21:30;0,0;0,0;
26.07.2026;21:30;21:45;0,0;0,0;
26.07.2026;21:45;22:00;0,0;0,0;
26.07.2026;22:00;22:15;0,0;0,0;
26.07.2026;22:15;22:30;0,0;0,0;
26.07.2026;22:30;22:45;0,0;0,0;
26.07.2026;22:45;23:00;0,0;0,0;
26.07.2026;23:00;23:15;0,0;0,0;
26.07.2026;23:15;23:30;0,0;0,0;
26.07.2026;23:30;23:45;0,0;0,0;
26.07.2026;23:45;00:00;0,0;0,0;
27.07.2026;00:00;00:15;0,0;0,0;
27.07.2026;00:15;00:30;0,0;0,0;
27.07.2026;00:30;00:45;0,0;0,0;
27.07.2026;00:45;01:00;0,0;0,0;
27.07.2026;01:00;01:15;0,0;0,0;
27.07.2026;01:15;01:30;0,0;0,0;
27.07.2026;01:30;01:45;0,0;0,0;
27.07.2026;01:45;02:00;0,0;0,0;
27.07.2026;02:00;02:15;0,0;0,0;
27.07.2026;02:15;02:30;0,0;0,0;
27.07.2026;02:30;02:45;0,0;0,0;
27.07.2026;02:45;03:00;0,0;0,0;
27.07.2026;03:00;03:15;0,0;0,0;
27.07.2026;03:15;03:30;0,0;0,0;
27.07.2026;03:30;03:45;0,0;0,0;
27.07.2026;03:45;04:00;0,0;0,0;
27.07.2026;04:00;04:15;0,0;0,0;
27.07.2026;04:15;04:30;0,0;0,0;
27.07.2026;04:30;04:45;0,0;0,0;
27.07.2026;04:45;05:00;0,0;0,0;
27.07.2026;05:00;05:15;0,08;0,08;
27.07.2026;05:15;05:30;0,17;0,17;
27.07.2026;05:30;05:45;0,15;0,15;
27.07.2026;05:45;06:00;0,08;0,08;
27.07.2026;06:00;06:15;0,0;0,0;
27.07.2026;06:15;06:30;0,0;0,0;
27.07.2026;06:30;06:45;0,0;0,0;
27.07.2026;06:45;07:00;0,0;0,0;
27.07.2026;07:00;07:15;0,0;0,0;
27.07.2026;07:15;07:30;0,0;0,0;
27.07.2026;07:30;07:45;0,0;0,0;
27.07.2026;07:45;08:00;0,0;0,0;
27.07.2026;08:00;08:15;0,0;0,0;
27.07.2026;08:15;08:30;0,0;0,0;
27.07.2026;08:30;08:45;0,0;0,0;
27.07.2026;08:45;09:00;0,0;0,0;
27.07.2026;09:00;09:15;0,0;0,0;
27.07.2026;09:15;09:30;0,0;0,0;
27.07.2026;09:30;09:45;0,0;0,0;
27.07.2026;09:45;10:00;0,0;0,0;
27.07.2026;10:00;10:15;0,0;0,0;
27.07.2026;10:15;10:30;0,0;0,0;
27.07.2026;10:30;10:45;0,0;0,0;
27.07.2026;10:45;11:00;0,0;0,0;
27.07.2026;11:00;11:15;0,0;0,0;
27.07.2026;11:15;11:30;0,0;0,0;
27.07.2026;11:30;11:45;0,0;0,0;
27.07.2026;11:45;12:00;0,0;0,0;
27.07.2026;12:00;12:15;0,0;0,0;
27.07.2026;12:15;12:30;0,0;0,0;
27.07.2026;12:30;12:45;0,0;0,0;
27.07.2026;12:45;13:00;0,0;0,0;
27.07.2026;13:00;13:15;0,0;0,0;
27.07.2026;13:15;13:30;0,0;0,0;
27.07.2026;13:30;13:45;0,0;0,0;
27.07.2026;13:45;14:00;0,0;0,0;
27.07.2026;14:00;14:15;0,0;0,0;
27.07.2026;14:15;14:30;0,0;0,0;
27.07.2026;14:30;14:45;0,0;0,0;
27.07.2026;14:45;15:00;0,0;0,0;
27.07.2026;15:00;15:15;0,46;0,46;
27.07.2026;15:15;15:30;1,19;1,19;
27.07.2026;15:30;15:45;2,23;2,23;
27.07.2026;15:45;16:00;3,13;3,13;
27.07.2026;16:00;16:15;3,44;3,44;
27.07.2026;16:15;16:30;3,09;3,09;
27.07.2026;16:30;16:45;2,94;2,94;
27.07.2026;16:45;17:00;2,49;2,49;
27.07.2026;17:00;17:15;2,88;2,88;
27.07.2026;17:15;17:30;2,35;2,35;
27.07.2026;17:30;17:45;2,37;2,37;
27.07.2026;17:45;18:00;2,08;2,08;
27.07.2026;18:00;18:15;1,84;1,84;
27.07.2026;18:15;18:30;1,97;1,97;
27.07.2026;18:30;18:45;1,5;1,5;
27.07.2026;18:45;19:00;1,68;1,68;
27.07.2026;19:00;19:15;1,31;1,31;
27.07.2026;19:15;19:30;1,03;1,03;
27.07.2026;19:30;19:45;1,03;1,03;
27.07.2026;19:45;20:00;0,73;0,73;
27.07.2026;20:00;20:15;0,54;0,54;
27.07.2026;20:15;20:30;0,31;0,31;
27.07.2026;20:30;20:45;0,09;0,09;
27.07.2026;20:45;21:00;0,01;0,01;
27.07.2026;21:00;21:15;0,0;0,0;
27.07.2026;21:15;21:30;0,0;0,0;
27.07.2026;21:30;21:45;0,0;0,0;
27.07.2026;21:45;22:00;0,0;0,0;
27.07.2026;22:00;22:15;0,0;0,0;
27.07.2026;22:15;22:30;0,0;0,0;
27.07.2026;22:30;22:45;0,0;0,0;
27.07.2026;22:45;23:00;0,0;0,0;
27.07.2026;23:00;23:15;0,0;0,0;
27.07.2026;23:15;23:30;0,0;0,0;
27.07.2026;23:30;23:45;0,0;0,0;
27.07.2026;23:45;00:00;0,0;0,0;
28.07.2026;00:00;00:15;0,0;0,0;
28.07.2026;00:15;00:30;0,0;0,0;
28.07.2026;00:30;00:45;0,0;0,0;
28.07.2026;00:45;01:00;0,0;0,0;
28.07.2026;01:00;01:15;0,0;0,0;
28.07.2026;01:15;01:30;0,0;0,0;
28.07.2026;01:30;01:45;0,0;0,0;
28.07.2026;01:45;02:00;0,0;0,0;
28.07.2026;02:00;02:15;0,0;0,0;
28.07.2026;02:15;02:30;0,0;0,0;
28.07.2026;02:30;02:45;0,0;0,0;
28.07.2026;02:45;03:00;0,0;0,0;
28.07.2026;03:00;03:15;0,0;0,0;
28.07.2026;03:15;03:30;0,0;0,0;
28.07.2026;03:30;03:45;0,0;0,0;
28.07.2026;03:45;04:00;0,0;0,0;
28.07.2026;04:00;04:15;0,0;0,0;
28.07.2026;04:15;04:30;0,0;0,0;
28.07.2026;04:30;04:45;0,0;0,0;
28.07.2026;04:45;05:00;0,0;0,0;
28.07.2026;05:00;05:15;0,11;0,11;
28.07.2026;05:15;05:30;0,19;0,19;
28.07.2026;05:30;05:45;0,21;0,21;
28.07.2026;05:45;06:00;0,12;0,12;
28.07.2026;06:00;06:15;0,0;0,0;
28.07.2026;06:15;06:30;0,0;0,0;
28.07.2026;06:30;06:45;0,0;0,0;
28.07.2026;06:45;07:00;0,0;0,0;
28.07.2026;07:00;07:15;0,0;0,0;
28.07.2026;07:15;07:30;0,0;0,0;
28.07.2026;07:30;07:45;0,0;0,0;
28.07.2026;07:45;08:00;0,0;0,0;
28.07.2026;08:00;08:15;0,0;0,0;
28.07.2026;08:15;08:30;0,0;0,0;
28.07.2026;08:30;08:45;0,0;0,0;
28.07.2026;08:45;09:00;0,0;0,0;
28.07.2026;09:00;09:15;0,0;0,0;
28.07.2026;09:15;09:30;0,0;0,0;
28.07.2026;09:30;09:45;0,0;0,0;
28.07.2026;09:45;10:00;0,0;0,0;
28.07.2026;10:00;10:15;0,0;0,0;
28.07.2026;10:15;10:30;0,0;0,0;
28.07.2026;10:30;10:45;0,0;0,0;
28.07.2026;10:45;11:00;0,0;0,0;
28.07.2026;11:00;11:15;0,0;0,0;
28.07.2026;11:15;11:30;0,0;0,0;
28.07.2026;11:30;11:45;0,0;0,0;
28.07.2026;11:45;12:00;0,0;0,0;
28.07.2026;12:00;12:15;0,0;0,0;
28.07.2026;12:15;12:30;0,0;0,0;
28.07.2026;12:30;12:45;0,0;0,0;
28.07.2026;12:45;13:00;0,0;0,0;
28.07.2026;13:00;13:15;0,0;0,0;
28.07.2026;13:15;13:30;0,0;0,0;
28.07.2026;13:30;13:45;0,0;0,0;
28.07.2026;13:45;14:00;0,0;0,0;
28.07.2026;14:00;14:15;0,0;0,0;
28.07.2026;14:15;14:30;0,0;0,0;
28.07.2026;14:30;14:45;0,0;0,0;
28.07.2026;14:45;15:00;0,0;0,0;
28.07.2026;15:00;15:15;0,52;0,52;
28.07.2026;15:15;15:30;1,51;1,51;
28.07.2026;15:30;15:45;2,21;2,21;
28.07.2026;15:45;16:00;3,11;3,11;
28.07.2026;16:00;16:15;3,78;3,78;
28.07.2026;16:15;16:30;3,73;3,73;
28.07.2026;16:30;16:45;3,49;3,49;
28.07.2026;16:45;17:00;3,47;3,47;
28.07.2026;17:00;17:15;3,37;3,37;
28.07.2026;17:15;17:30;2,64;2,64;
28.07.2026;17:30;17:45;2,89;2,89;
28.07.2026;17:45;18:00;3,11;3,11;
28.07.2026;18:00;18:15;2,55;2,55;
28.07.2026;18:15;18:30;2,46;2,46;
28.07.2026;18:30;18:45;2,01;2,01;
28.07.2026;18:45;19:00;2,08;2,08;
28.07.2026;19:00;19:15;1,85;1,85;
28.07.2026;19:15;19:30;1,5;1,5;
28.07.2026;19:30;19:45;1,45;1,45;
28.07.2026;19:45;20:00;0,92;0,92;
28.07.2026;20:00;20:15;0,61;0,61;
28.07.2026;20:15;20:30;0,39;0,39;
28.07.2026;20:30;20:45;0,14;0,14;
28.07.2026;20:45;21:00;0,01;0,01;
28.07.2026;21:00;21:15;0,0;0,0;
28.07.2026;21:15;21:30;0,0;0,0;
28.07.2026;21:30;21:45;0,0;0,0;
28.07.2026;21:45;22:00;0,0;0,0;
28.07.2026;22:00;22:15;0,0;0,0;
28.07.2026;22:15;22:30;0,0;0,0;
28.07.2026;22:30;22:45;0,0;0,0;
28.07.2026;22:45;23:00;0,0;0,0;
28.07.2026;23:00;23:15;0,0;0,0;
28.07.2026;23:15;23:30;0,0;0,0;
28.07.2026;23:30;23:45;0,0;0,0;
28.07.2026;23:45;00:00;0,0;0,0;
29.07.2026;00:00;00:15;0,0;0,0;
29.07.2026;00:15;00:30;0,0;0,0;
29.07.2026;00:30;00:45;0,0;0,0;
29.07.2026;00:45;01:00;0,0;0,0;
29.07.2026;01:00;01:15;0,0;0,0;
29.07.2026;01:15;01:30;0,0;0,0;
29.07.2026;01:30;01:45;0,0;0,0;
29.07.2026;01:45;02:00;0,0;0,0;
29.07.2026;02:00;02:15;0,0;0,0;
29.07.2026;02:15;02:30;0,0;0,0;
29.07.2026;02:30;02:45;0,0;0,0;
29.07.2026;02:45;03:00;0,0;0,0;
29.07.2026;03:00;03:15;0,0;0,0;
29.07.2026;03:15;03:30;0,0;0,0;
29.07.2026;03:30;03:45;0,0;0,0;
29.07.2026;03:45;04:00;0,0;0,0;
29.07.2026;04:00;04:15;0,0;0,0;
29.07.2026;04:15;04:30;0,0;0,0;
29.07.2026;04:30;04:45;0,0;0,0;
29.07.2026;04:45;05:00;0,0;0,0;
29.07.2026;05:00;05:15;0,09;0,09;
29.07.2026;05:15;05:30;0,22;0,22;
29.07.2026;05:30;05:45;0,21;0,21;
29.07.2026;05:45;06:00;0,1;0,1;
29.07.2026;06:00;06:15;0,0;0,0;
29.07.2026;06:15;06:30;0,0;0,0;
29.07.2026;06:30;06:45;0,0;0,0;
29.07.2026;06:45;07:00;0,0;0,0;
29.07.2026;07:00;07:15;0,0;0,0;
29.07.2026;07:15;07:30;0,0;0,0;
29.07.2026;07:30;07:45;0,0;0,0;
29.07.2026;07:45;08:00;0,0;0,0;
29.07.2026;08:00;08:15;0,0;0,0;
29.07.2026;08:15;08:30;0,0;0,0;
29.07.2026;08:30;08:45;0,0;0,0;
29.07.2026;08:45;09:00;0,0;0,0;
29.07.2026;09:00;09:15;0,0;0,0;
29.07.2026;09:15;09:30;0,0;0,0;
29.07.2026;09:30;09:45;0,0;0,0;
29.07.2026;09:45;10:00;0,0;0,0;
29.07.2026;10:00;10:15;0,0;0,0;
29.07.2026;10:15;10:30;0,0;0,0;
29.07.2026;10:30;10:45;0,0;0,0;
29.07.2026;10:45;11:00;0,0;0,0;
29.07.2026;11:00;11:15;0,0;0,0;
29.07.2026;11:15;11:30;0,0;0,0;
29.07.2026;11:30;11:45;0,0;0,0;
29.07.2026;11:45;12:00;0,0;0,0;
29.07.2026;12:00;12:15;0,0;0,0;
29.07.2026;12:15;12:30;0,0;0,0;
29.07.2026;12:30;12:45;0,0;0,0;
29.07.2026;12:45;13:00;0,0;0,0;
29.07.2026;13:00;13:15;0,0;0,0;
29.07.2026;13:15;13:30;0,0;0,0;
29.07.2026;13:30;13:45;0,0;0,0;
29.07.2026;13:45;14:00;0,0;0,0;
29.07.2026;14:00;14:15;0,0;0,0;
29.07.2026;14:15;14:30;0,0;0,0;
29.07.2026;14:30;14:45;0,0;0,0;
29.07.2026;14:45;15:00;0,0;0,0;
29.07.2026;15:00;15:15;0,52;0,52;
29.07.2026;15:15;15:30;1,44;1,44;
29.07.2026;15:30;15:45;2,98;2,98;
29.07.2026;15:45;16:00;4,2;4,2;
29.07.2026;16:00;16:15;4,42;4,42;
29.07.2026;16:15;16:30;4,33;4,33;
29.07.2026;16:30;16:45;3,47;3,47;
29.07.2026;16:45;17:00;4,09;4,09;
29.07.2026;17:00;17:15;3,11;3,11;
29.07.2026;17:15;17:30;3,68;3,68;
29.07.2026;17:30;17:45;3,51;3,51;
29.07.2026;17:45;18:00;3,04;3,04;
29.07.2026;18:00;18:15;3,04;3,04;
29.07.2026;18:15;18:30;2,5;2,5;
29.07.2026;18:30;18:45;2,07;2,07;
29.07.2026;18:45;19:00;1,97;1,97;
29.07.2026;19:00;19:15;1,84;1,84;
29.07.2026;19:15;19:30;1,36;1,36;
29.07.2026;19:30;19:45;1,37;1,37;
29.07.2026;19:45;20:00;1,24;1,24;
29.07.2026;20:00;20:15;0,67;0,67;
29.07.2026;20:15;20:30;0,41;0,41;
29.07.2026;20:30;20:45;0,15;0,15;
29.07.2026;20:45;21:00;0,02;0,02;
29.07.2026;21:00;21:15;0,0;0,0;
29.07.2026;21:15;21:30;0,0;0,0;
29.07.2026;21:30;21:45;0,0;0,0;
29.07.2026;21:45;22:00;0,0;0,0;
29.07.2026;22:00;22:15;0,0;0,0;
29.07.2026;22:15;22:30;0,0;0,0;
29.07.2026;22:30;22:45;0,0;0,0;
29.07.2026;22:45;23:00;0,0;0,0;
29.07.2026;23:00;23:15;0,0;0,0;
29.07.2026;23:15;23:30;0,0;0,0;
29.07.2026;23:30;23:45;0,0;0,0;
29.07.2026;23:45;00:00;0,0;0,0;
30.07.2026;00:00;00:15;0,0;0,0;
30.07.2026;00:15;00:30;0,0;0,0;
30.07.2026;00:30;00:45;0,0;0,0;
30.07.2026;00:45;01:00;0,0;0,0;
30.07.2026;01:00;01:15;0,0;0,0;
30.07.2026;01:15;01:30;0,0;0,0;
30.07.2026;01:30;01:45;0,0;0,0;
30.07.2026;01:45;02:00;0,0;0,0;
30.07.2026;02:00;02:15;0,0;0,0;
30.07.2026;02:15;02:30;0,0;0,0;
30.07.2026;02:30;02:45;0,0;0,0;
30.07.2026;02:45;03:00;0,0;0,0;
30.07.2026;03:00;03:15;0,0;0,0;
30.07.2026;03:15;03:30;0,0;0,0;
30.07.2026;03:30;03:45;0,0;0,0;
30.07.2026;03:45;04:00;0,0;0,0;
30.07.2026;04:00;04:15;0,0;0,0;
30.07.2026;04:15;04:30;0,0;0,0;
30.07.2026;04:30;04:45;0,0;0,0;
30.07.2026;04:45;05:00;0,0;0,0;
30.07.2026;05:00;05:15;0,08;0,08;
30.07.2026;05:15;05:30;0,18;0,18;
30.07.2026;05:30;05:45;0,14;0,14;
30.07.2026;05:45;06:00;0,08;0,08;
30.07.2026;06:00;06:15;0,0;0,0;
30.07.2026;06:15;06:30;0,0;0,0;
30.07.2026;06:30;06:45;0,0;0,0;
30.07.2026;06:45;07:00;0,0;0,0;
30.07.2026;07:00;07:15;0,0;0,0;
30.07.2026;07:15;07:30;0,0;0,0;
30.07.2026;07:30;07:45;0,0;0,0;
30.07.2026;07:45;08:00;0,0;0,0;
30.07.2026;08:00;08:15;0,0;0,0;
30.07.2026;08:15;08:30;0,0;0,0;
30.07.2026;08:30;08:45;0,0;0,0;
30.07.2026;08:45;09:00;0,0;0,0;
30.07.2026;09:00;09:15;0,0;0,0;
30.07.2026;09:15;09:30;0,0;0,0;
30.07.2026;09:30;09:45;0,0;0,0;
30.07.2026;09:45;10:00;0,0;0,0;
30.07.2026;10:00;10:15;0,0;0,0;
30.07.2026;10:15;10:30;0,0;0,0;
30.07.2026;10:30;10:45;0,0;0,0;
30.07.2026;10:45;11:00;0,0;0,0;
30.07.2026;11:00;11:15;0,0;0,0;
30.07.2026;11:15;11:30;0,0;0,0;
30.07.2026;11:30;11:45;0,0;0,0;
30.07.2026;11:45;12:00;0,0;0,0;
30.07.2026;12:00;12:15;0,0;0,0;
30.07.2026;12:15;12:30;0,0;0,0;
30.07.2026;12:30;12:45;0,0;0,0;
30.07.2026;12:45;13:00;0,0;0,0;
30.07.2026;13:00;13:15;0,0;0,0;
30.07.2026;13:15;13:30;0,0;0,0;
30.07.2026;13:30;13:45;0,0;0,0;
30.07.2026;13:45;14:00;0,0;0,0;
30.07.2026;14:00;14:15;0,0;0,0;
30.07.2026;14:15;14:30;0,0;0,0;
30.07.2026;14:30;14:45;0,0;0,0;
30.07.2026;14:45;15:00;0,0;0,0;
30.07.2026;15:00;15:15;0,39;0,39;
30.07.2026;15:15;15:30;1,15;1,15;
30.07.2026;15:30;15:45;1,7;1,7;
30.07.2026;15:45;16:00;2,6;2,6;
30.07.2026;16:00;16:15;2,54;2,54;
30.07.2026;16:15;16:30;2,56;2,56;
30.07.2026;16:30;16:45;2,87;2,87;
30.07.2026;16:45;17:00;2,26;2,26;
30.07.2026;17:00;17:15;2,06;2,06;
30.07.2026;17:15;17:30;1,95;1,95;
30.07.2026;17:30;17:45;2,39;2,39;
30.07.2026;17:45;18:00;1,98;1,98;
30.07.2026;18:00;18:15;1,78;1,78;
30.07.2026;18:15;18:30;1,85;1,85;
30.07.2026;18:30;18:45;1,69;1,69;
30.07.2026;18:45;19:00;1,32;1,32;
30.07.2026;19:00;19:15;1,3;1,3;
30.07.2026;19:15;19:30;1,16;1,16;
30.07.2026;19:30;19:45;0,96;0,96;
30.07.2026;19:45;20:00;0,67;0,67;
30.07.2026;20:00;20:15;0,57;0,57;
30.07.2026;20:15;20:30;0,27;0,27;
30.07.2026;20:30;20:45;0,09;0,09;
30.07.2026;20:45;21:00;0,01;0,01;
30.07.2026;21:00;21:15;0,0;0,0;
30.07.2026;21:15;21:30;0,0;0,0;
30.07.2026;21:30;21:45;0,0;0,0;
30.07.2026;21:45;22:00;0,0;0,0;
30.07.2026;22:00;22:15;0,0;0,0;
30.07.2026;22:15;22:30;0,0;0,0;
30.07.2026;22:30;22:45;0,0;0,0;
30.07.2026;22:45;23:00;0,0;0,0;
30.07.2026;23:00;23:15;0,0;0,0;
30.07.2026;23:15;23:30;0,0;0,0;
30.07.2026;23:30;23:45;0,0;0,0;
30.07.2026;23:45;00:00;0,0;0,0;
31.07.2026;00:00;00:15;0,0;0,0;
31.07.2026;00:15;00:30;0,0;0,0;
31.07.2026;00:30;00:45;0,0;0,0;
31.07.2026;00:45;01:00;0,0;0,0;
31.07.2026;01:00;01:15;0,0;0,0;
31.07.2026;01:15;01:30;0,0;0,0;
31.07.2026;01:30;01:45;0,0;0,0;
31.07.2026;01:45;02:00;0,0;0,0;
31.07.2026;02:00;02:15;0,0;0,0;
31.07.2026;02:15;02:30;0,0;0,0;
31.07.2026;02:30;02:45;0,0;0,0;
31.07.2026;02:45;03:00;0,0;0,0;
31.07.2026;03:00;03:15;0,0;0,0;
31.07.2026;03:15;03:30;0,0;0,0;
31.07.2026;03:30;03:45;0,0;0,0;
31.07.2026;03:45;04:00;0,0;0,0;
31.07.2026;04:00;04:15;0,0;0,0;
31.07.2026;04:15;04:30;0,0;0,0;
31.07.2026;04:30;04:45;0,0;0,0;
31.07.2026;04:45;05:00;0,0;0,0;
31.07.2026;05:00;05:15;0,11;0,11;
31.07.2026;05:15;05:30;0,2;0,2;
31.07.2026;05:30;05:45;0,23;0,23;
31.07.2026;05:45;06:00;0,11;0,11;
31.07.2026;06:00;06:15;0,0;0,0;
31.07.2026;06:15;06:30;0,0;0,0;
31.07.2026;06:30;06:45;0,0;0,0;
31.07.2026;06:45;07:00;0,0;0,0;
31.07.2026;07:00;07:15;0,0;0,0;
31.07.2026;07:15;07:30;0,0;0,0;
31.07.2026;07:30;07:45;0,0;0,0;
31.07.2026;07:45;08:00;0,0;0,0;
31.07.2026;08:00;08:15;0,0;0,0;
31.07.2026;08:15;08:30;0,0;0,0;
31.07.2026;08:30;08:45;0,0;0,0;
31.07.2026;08:45;09:00;0,0;0,0;
31.07.2026;09:00;09:15;0,0;0,0;
31.07.2026;09:15;09:30;0,0;0,0;
31.07.2026;09:30;09:45;0,0;0,0;
31.07.2026;09:45;10:00;0,0;0,0;
31.07.2026;10:00;10:15;0,0;0,0;
31.07.2026;10:15;10:30;0,0;0,0;
31.07.2026;10:30;10:45;0,0;0,0;
31.07.2026;10:45;11:00;0,0;0,0;
31.07.2026;11:00;11:15;0,0;0,0;
31.07.2026;11:15;11:30;0,0;0,0;
31.07.2026;11:30;11:45;0,0;0,0;
31.07.2026;11:45;12:00;0,0;0,0;
31.07.2026;12:00;12:15;0,0;0,0;
31.07.2026;12:15;12:30;0,0;0,0;
31.07.2026;12:30;12:45;0,0;0,0;
31.07.2026;12:45;13:00;0,0;0,0;
31.07.2026;13:00;13:15;0,0;0,0;
31.07.2026;13:15;13:30;0,0;0,0;
31.07.2026;13:30;13:45;0,0;0,0;
31.07.2026;13:45;14:00;0,0;0,0;
31.07.2026;14:00;14:15;0,0;0,0;
31.07.2026;14:15;14:30;0,0;0,0;
31.07.2026;14:30;14:45;0,0;0,0;
31.07.2026;14:45;15:00;0,0;0,0;
31.07.2026;15:00;15:15;0,51;0,51;
31.07.2026;15:15;15:30;1,82;1,82;
31.07.2026;15:30;15:45;2,91;2,91;
31.07.2026;15:45;16:00;3,57;3,57;
31.07.2026;16:00;16:15;3,51;3,51;
31.07.2026;16:15;16:30;4,35;4,35;
31.07.2026;16:30;16:45;3,24;3,24;
31.07.2026;16:45;17:00;3,85;3,85;
31.07.2026;17:00;17:15;3,94;3,94;
31.07.2026;17:15;17:30;3,21;3,21;
31.07.2026;17:30;17:45;2,84;2,84;
31.07.2026;17:45;18:00;3,06;3,06;
31.07.2026;18:00;18:15;2,93;2,93;
31.07.2026;18:15;18:30;2,5;2,5;
31.07.2026;18:30;18:45;2,57;2,57;
31.07.2026;18:45;19:00;1,76;1,76;
31.07.2026;19:00;19:15;1,8;1,8;
31.07.2026;19:15;19:30;1,67;1,67;
31.07.2026;19:30;19:45;1,48;1,48;
31.07.2026;19:45;20:00;0,99;0,99;
31.07.2026;20:00;20:15;0,82;0,82;
31.07.2026;20:15;20:30;0,39;0,39;
31.07.2026;20:30;20:45;0,13;0,13;
31.07.2026;20:45;21:00;0,01;0,01;
31.07.2026;21:00;21:15;0,0;0,0;
31.07.2026;21:15;21:30;0,0;0,0;
31.07.2026;21:30;21:45;0,0;0,0;
31.07.2026;21:45;22:00;0,0;0,0;
31.07.2026;22:00;22:15;0,0;0,0;
31.07.2026;22:15;22:30;0,0;0,0;
31.07.2026;22:30;22:45;0,0;0,0;
31.07.2026;22:45;23:00;0,0;0,0;
31.07.2026;23:00;23:15;0,0;0,0;
31.07.2026;23:15;23:30;0,0;0,0;
31.07.2026;23:30;23:45;0,0;0,0;
31.07.2026;23:45;00:00;0,0;0,0;
